R.Condition	R.FileName	R.Replicate	PG.ProteinAccessions	PG.ProteinGroups	PG.Qvalue	PG.Quantity	PEP.GroupingKey	PEP.StrippedSequence	PEP.Quantity	EG.iRTPredicted	EG.Library	EG.ModifiedSequence	EG.PrecursorId	EG.Qvalue	FG.Charge	FG.Id	FG.PrecMz	FG.Quantity	F.Charge	F.FrgIon	F.FrgLossType	F.FrgMz	F.FrgNum	F.FrgType	F.ExcludedFromQuantification	F.NormalizedPeakArea	F.NormalizedPeakHeight	F.PeakArea	F.PeakHeight
treatment	file1	1	P01308	P01308	0.0014108522166498005	653.5199206848512	RLLPLLALLALWGPDPAAAFVNQHLCGSHLVEALYLVCGERGFFYTP	RLLPLLALLALWGPDPAAAFVNQHLCGSHLVEALYLVCGERGFFYTP	3.0995518869319487	37.321523934254614	directDIA	_RLLPLLALLALWGPDPAAAFVNQHLC[Carbamidomethyl (C)]GSHLVEALYLVCGERGFFYTP_	_RLLPLLALLALWGPDPAAAFVNQHLC[Carbamidomethyl (C)]GSHLVEALYLVCGERGFFYTP_.3	0.002219531054142863	2	_RLLPLLALLALWGPDPAAAFVNQHLC[Carbamidomethyl (C)]GSHLVEALYLVCGERGFFYTP_	618.4173461400253	3.0995518869319487	2	y1	noloss	687.5488858340964	1	y	FALSE	40723533.129794836	91657573365.04994	51696155.214233376	86454144426.1247
treatment	file2	2	P01308	P01308	0.00888621102552861	691.1753324636389	RLLPLLALLALWGPDPAAAFVNQHLCGSHLVEALYLVCGERGFFYTP	RLLPLLALLALWGPDPAAAFVNQHLCGSHLVEALYLVCGERGFFYTP	2.72351806507084	38.852972785651126	directDIA	_RLLPLLALLALWGPDPAAAFVNQHLC[Carbamidomethyl (C)]GSHLVEALYLVCGERGFFYTP_	_RLLPLLALLALWGPDPAAAFVNQHLC[Carbamidomethyl (C)]GSHLVEALYLVCGERGFFYTP_.3	0.0027047431073151528	2	_RLLPLLALLALWGPDPAAAFVNQHLC[Carbamidomethyl (C)]GSHLVEALYLVCGERGFFYTP_	689.0379625579191	2.72351806507084	2	y1	noloss	769.5481675529089	1	y	FALSE	128355027.43588379	1024769657.546397	129165405.81761299	1124430120.7180989
treatment	file3	3	P01308	P01308	8.285004179924727e-5	10394.92854338506	RLLPLLALLALWGPDPAAAFVNQHLCGSHLVEALYLVCGERGFFYTP	RLLPLLALLALWGPDPAAAFVNQHLCGSHLVEALYLVCGERGFFYTP	3.0322036444643965	33.550392336018774	directDIA	_RLLPLLALLALWGPDPAAAFVNQHLC[Carbamidomethyl (C)]GSHLVEALYLVCGERGFFYTP_	_RLLPLLALLALWGPDPAAAFVNQHLC[Carbamidomethyl (C)]GSHLVEALYLVCGERGFFYTP_.3	0.006072550248354673	2	_RLLPLLALLALWGPDPAAAFVNQHLC[Carbamidomethyl (C)]GSHLVEALYLVCGERGFFYTP_	533.3294989925015	3.0322036444643965	2	y1	noloss	968.5459140957561	1	y	FALSE	724874314.7371678	8174732688.798477	1239344514.142798	4596956595.940011
treatment	file4	4	P01308	P01308	0.005691206529736519	38.2800335674539	RLLPLLALLALWGPDPAAAFVNQHLCGSHLVEALYLVCGERGFFYTP	RLLPLLALLALWGPDPAAAFVNQHLCGSHLVEALYLVCGERGFFYTP	1.6923534720234168	80.51168749684952	directDIA	_RLLPLLALLALWGPDPAAAFVNQHLC[Carbamidomethyl (C)]GSHLVEALYLVCGERGFFYTP_	_RLLPLLALLALWGPDPAAAFVNQHLC[Carbamidomethyl (C)]GSHLVEALYLVCGERGFFYTP_.3	0.0034019858739338816	2	_RLLPLLALLALWGPDPAAAFVNQHLC[Carbamidomethyl (C)]GSHLVEALYLVCGERGFFYTP_	517.3776136130004	1.6923534720234168	2	y1	noloss	598.979502211137	1	y	FALSE	3308934191.9566154	75598851273.11256	4746963933.914835	45423750772.26032
treatment	file5	5	P01308	P01308	0.009675501899328084	135.62253756708634	RLLPLLALLALWGPDPAAAFVNQHLCGSHLVEALYLVCGERGFFYTP	RLLPLLALLALWGPDPAAAFVNQHLCGSHLVEALYLVCGERGFFYTP	1.281406377562234	60.59659771997053	directDIA	_RLLPLLALLALWGPDPAAAFVNQHLC[Carbamidomethyl (C)]GSHLVEALYLVCGERGFFYTP_	_RLLPLLALLALWGPDPAAAFVNQHLC[Carbamidomethyl (C)]GSHLVEALYLVCGERGFFYTP_.3	0.0075696929125115275	2	_RLLPLLALLALWGPDPAAAFVNQHLC[Carbamidomethyl (C)]GSHLVEALYLVCGERGFFYTP_	548.1384277786159	1.281406377562234	2	y1	noloss	503.7737639394836	1	y	FALSE	1317465.092594026	42715474873.54305	1523971.3462910783	41111818452.885086
control	file1	1	P68871	P68871	0.002691887633409351	79.87384022270057	RLLPLLALLALWGPDPAAAFVNQHLCGSHLVEALYLVCGERGFFYTP	RLLPLLALLALWGPDPAAAFVNQHLCGSHLVEALYLVCGERGFFYTP	2.4659392229952743	26.07941885575662	directDIA	_RLLPLLALLALWGPDPAAAFVNQHLCGSHLVEALYLVCGERGFFYTP_	_RLLPLLALLALWGPDPAAAFVNQHLCGSHLVEALYLVCGERGFFYTP_.3	7.483741454780102e-4	1	_RLLPLLALLALWGPDPAAAFVNQHLCGSHLVEALYLVCGERGFFYTP_	482.8281300766624	2.4659392229952743	1	p2	noloss	637.0381315644333	2	p	FALSE	521304222.1432014	65403334.12330152	438763939.5783582	68722039.20818408
control	file2	2	P68871	P68871	0.009839600706472993	318.29166478819445	RLLPLLALLALWGPDPAAAFVNQHLCGSHLVEALYLVCGERGFFYTP	RLLPLLALLALWGPDPAAAFVNQHLCGSHLVEALYLVCGERGFFYTP	2.6420557828894538	31.597460253307787	directDIA	_RLLPLLALLALWGPDPAAAFVNQHLCGSHLVEALYLVCGERGFFYTP_	_RLLPLLALLALWGPDPAAAFVNQHLCGSHLVEALYLVCGERGFFYTP_.3	0.008906289236620069	1	_RLLPLLALLALWGPDPAAAFVNQHLCGSHLVEALYLVCGERGFFYTP_	692.0033349469812	2.6420557828894538	1	p2	noloss	969.5973252597038	2	p	FALSE	1220368380.3941119	203335484724.65375	1292424849.7401927	128512316420.77832
control	file3	3	P68871	P68871	3.5389487631618975e-4	35858.70735327328	RLLPLLALLALWGPDPAAAFVNQHLCGSHLVEALYLVCGERGFFYTP	RLLPLLALLALWGPDPAAAFVNQHLCGSHLVEALYLVCGERGFFYTP	4.969865373379973	39.353366851285664	directDIA	_RLLPLLALLALWGPDPAAAFVNQHLCGSHLVEALYLVCGERGFFYTP_	_RLLPLLALLALWGPDPAAAFVNQHLCGSHLVEALYLVCGERGFFYTP_.3	0.007704936165828258	1	_RLLPLLALLALWGPDPAAAFVNQHLCGSHLVEALYLVCGERGFFYTP_	381.80418659010553	4.969865373379973	1	p2	noloss	699.348794899436	2	p	FALSE	19174061409.026333	393430351757.4291	17252740078.533836	545053780592.4779
control	file4	4	P68871	P68871	0.0025797643046826125	3679.8089307140917	RLLPLLALLALWGPDPAAAFVNQHLCGSHLVEALYLVCGERGFFYTP	RLLPLLALLALWGPDPAAAFVNQHLCGSHLVEALYLVCGERGFFYTP	3.828514253100276	22.012798397796544	directDIA	_RLLPLLALLALWGPDPAAAFVNQHLCGSHLVEALYLVCGERGFFYTP_	_RLLPLLALLALWGPDPAAAFVNQHLCGSHLVEALYLVCGERGFFYTP_.3	0.00882698432309553	1	_RLLPLLALLALWGPDPAAAFVNQHLCGSHLVEALYLVCGERGFFYTP_	547.23079226451	3.828514253100276	1	p2	noloss	679.5416296907017	2	p	FALSE	23458519.397208255	125387516291.33936	35658806.985944755	168510329057.27
control	file5	5	P68871	P68871	0.0025989112141542136	65.70406256738401	RLLPLLALLALWGPDPAAAFVNQHLCGSHLVEALYLVCGERGFFYTP	RLLPLLALLALWGPDPAAAFVNQHLCGSHLVEALYLVCGERGFFYTP	1.814634988139089	23.914710022310523	directDIA	_RLLPLLALLALWGPDPAAAFVNQHLCGSHLVEALYLVCGERGFFYTP_	_RLLPLLALLALWGPDPAAAFVNQHLCGSHLVEALYLVCGERGFFYTP_.3	0.009477757283020765	1	_RLLPLLALLALWGPDPAAAFVNQHLCGSHLVEALYLVCGERGFFYTP_	455.88599779061246	1.814634988139089	1	p2	noloss	665.0562903694571	2	p	FALSE	53416584738.49619	15300670.229252286	111476377821.16031	35860350.428172834
treatment	file1	1	P51681	P51681	0.009481884876731784	1366.6620446416762	KTRREAEDLQVGQVELGGGPGAGSLQPLALEGSLQ	KTRREAEDLQVGQVELGGGPGAGSLQPLALEGSLQ	3.0336379805161418	29.81161529682207	directDIA	_KTRREAEDLQVGQVELGGGPGAGSLQPLALEGSLQ_	_KTRREAEDLQVGQVELGGGPGAGSLQPLALEGSLQ_.2	0.0032400505593977867	1	_KTRREAEDLQVGQVELGGGPGAGSLQPLALEGSLQ_	404.32152158102235	3.0336379805161418	3	y3	noloss	667.225477609565	3	y	FALSE	7624625.514742367	1941181377320.6238	10775511.928641414	1941828549018.0767
treatment	file2	2	P51681	P51681	0.009796227386686951	46.2084951413357	KTRREAEDLQVGQVELGGGPGAGSLQPLALEGSLQ	KTRREAEDLQVGQVELGGGPGAGSLQPLALEGSLQ	1.4033179507133413	34.06293333986511	directDIA	_KTRREAEDLQVGQVELGGGPGAGSLQPLALEGSLQ_	_KTRREAEDLQVGQVELGGGPGAGSLQPLALEGSLQ_.2	0.0017865971848368646	1	_KTRREAEDLQVGQVELGGGPGAGSLQPLALEGSLQ_	602.8658197079262	1.4033179507133413	3	y3	noloss	661.3793617830197	3	y	FALSE	25619581.11272132	4619884328969.486	16348855.362887844	3554737105088.403
treatment	file3	3	P51681	P51681	0.007343848636373877	59.23981658395304	KTRREAEDLQVGQVELGGGPGAGSLQPLALEGSLQ	KTRREAEDLQVGQVELGGGPGAGSLQPLALEGSLQ	1.4745632358134406	66.80097824665597	directDIA	_KTRREAEDLQVGQVELGGGPGAGSLQPLALEGSLQ_	_KTRREAEDLQVGQVELGGGPGAGSLQPLALEGSLQ_.2	0.001498500572051853	1	_KTRREAEDLQVGQVELGGGPGAGSLQPLALEGSLQ_	753.8235661322778	1.4745632358134406	3	y3	noloss	672.2527992908615	3	y	FALSE	49170124116.672386	355563299033.3048	49138143944.854805	225467086230.85352
treatment	file4	4	P51681	P51681	0.0028747975663281976	1460.8693790519144	KTRREAEDLQVGQVELGGGPGAGSLQPLALEGSLQ	KTRREAEDLQVGQVELGGGPGAGSLQPLALEGSLQ	2.7872295491312746	65.5916887574397	directDIA	_KTRREAEDLQVGQVELGGGPGAGSLQPLALEGSLQ_	_KTRREAEDLQVGQVELGGGPGAGSLQPLALEGSLQ_.2	0.0011464347830042244	1	_KTRREAEDLQVGQVELGGGPGAGSLQPLALEGSLQ_	763.4640354799822	2.7872295491312746	3	y3	noloss	402.8792717719344	3	y	FALSE	478066464.56805027	2009413177037.489	383512751.40717304	2353101444900.9185
treatment	file5	5	P51681	P51681	0.004089591184165329	3358.318162965572	KTRREAEDLQVGQVELGGGPGAGSLQPLALEGSLQ	KTRREAEDLQVGQVELGGGPGAGSLQPLALEGSLQ	4.230759699501763	53.22922558193548	directDIA	_KTRREAEDLQVGQVELGGGPGAGSLQPLALEGSLQ_	_KTRREAEDLQVGQVELGGGPGAGSLQPLALEGSLQ_.2	0.0047127837757579985	1	_KTRREAEDLQVGQVELGGGPGAGSLQPLALEGSLQ_	543.7223791647235	4.230759699501763	3	y3	noloss	979.9690355630255	3	y	FALSE	11567262.199488351	331157641.6012265	10861662.106189363	504295075.81044734
control	file1	1	P01308	P01308	0.002015776480548084	216.0840796563179	KRGIVEQCCTSICSLYQLENYCN	KRGIVEQCCTSICSLYQLENYCN	2.0152597737928324	26.544919244242543	directDIA	_KRGIVEQCCTSICSLYQLENYCN_	_KRGIVEQCCTSICSLYQLENYCN_.3	0.008112948779016733	1	_KRGIVEQCCTSICSLYQLENYCN_	530.3044291481756	2.0152597737928324	1	b4	noloss	723.6154799907722	4	b	FALSE	30802562.267999753	3854772611766.7847	31461918.509232704	5049940649009.607
control	file2	2	P01308	P01308	0.007665863591246307	9.359671918725736	KRGIVEQCCTSICSLYQLENYCN	KRGIVEQCCTSICSLYQLENYCN	1.051234525604235	16.478808526181737	directDIA	_KRGIVEQCCTSICSLYQLENYCN_	_KRGIVEQCCTSICSLYQLENYCN_.3	0.008667424279265106	1	_KRGIVEQCCTSICSLYQLENYCN_	546.1773696528413	1.051234525604235	1	b4	noloss	851.3620925865255	4	b	FALSE	119997572.6718803	67800522541.06053	118448472.72835168	65337380114.12288
control	file3	3	P01308	P01308	0.00743104939814657	1216.2082284877622	KRGIVEQCCTSICSLYQLENYCN	KRGIVEQCCTSICSLYQLENYCN	3.3060728004065454	27.72157597524123	directDIA	_KRGIVEQCCTSICSLYQLENYCN_	_KRGIVEQCCTSICSLYQLENYCN_.3	6.46991292014718e-4	1	_KRGIVEQCCTSICSLYQLENYCN_	671.0110231783851	3.3060728004065454	1	b4	noloss	1276.2790294873798	4	b	FALSE	101513538.27906689	92664544715.41382	147885563.383523	58183120253.30959
control	file4	4	P01308	P01308	0.004984613808337599	862.0523945835694	KRGIVEQCCTSICSLYQLENYCN	KRGIVEQCCTSICSLYQLENYCN	1.8130986952314534	32.55914285152886	directDIA	_KRGIVEQCCTSICSLYQLENYCN_	_KRGIVEQCCTSICSLYQLENYCN_.3	0.007319564821664244	1	_KRGIVEQCCTSICSLYQLENYCN_	343.8303037019979	1.8130986952314534	1	b4	noloss	710.6548113928251	4	b	FALSE	8242171.477055833	233898789859435.38	12735637.95336091	204602069285371.3
control	file5	5	P01308	P01308	0.006704995955806226	1796.3272979035505	KRGIVEQCCTSICSLYQLENYCN	KRGIVEQCCTSICSLYQLENYCN	2.843429883452215	84.7212069718446	directDIA	_KRGIVEQCCTSICSLYQLENYCN_	_KRGIVEQCCTSICSLYQLENYCN_.3	0.00972672674106434	1	_KRGIVEQCCTSICSLYQLENYCN_	624.770047442229	2.843429883452215	1	b4	noloss	527.1732095356498	4	b	FALSE	7379963728.678278	26480718865.494423	8232742891.2187395	10342865348.43378
treatment	file1	1	P68871	P68871	0.007524627936072648	18.113440583326305	MALWMRLLPLLALLALWGPDPAAAFVNQHLCGSHLVEALYLVCGE	MALWMRLLPLLALLALWGPDPAAAFVNQHLCGSHLVEALYLVCGE	0.7597509570905696	15.805332285369062	directDIA	_MALWM[Oxidation (M)]RLLPLLALLALWGPDPAAAFVNQHLCGSHLVEALYLVCGE_	_MALWM[Oxidation (M)]RLLPLLALLALWGPDPAAAFVNQHLCGSHLVEALYLVCGE_.3	0.003111171976197511	1	_MALWM[Oxidation (M)]RLLPLLALLALWGPDPAAAFVNQHLCGSHLVEALYLVCGE_	559.4459618992446	0.7597509570905696	1	p4	noloss	612.9933946712487	4	p	FALSE	1730537535.96069	11723827596924.223	2171877886.735715	10279929458367.771
treatment	file2	2	P68871	P68871	0.007738629188388586	4106.614935614937	MALWMRLLPLLALLALWGPDPAAAFVNQHLCGSHLVEALYLVCGE	MALWMRLLPLLALLALWGPDPAAAFVNQHLCGSHLVEALYLVCGE	3.7593455690135404	21.3921362144859	directDIA	_MALWM[Oxidation (M)]RLLPLLALLALWGPDPAAAFVNQHLCGSHLVEALYLVCGE_	_MALWM[Oxidation (M)]RLLPLLALLALWGPDPAAAFVNQHLCGSHLVEALYLVCGE_.3	0.007163850006181747	1	_MALWM[Oxidation (M)]RLLPLLALLALWGPDPAAAFVNQHLCGSHLVEALYLVCGE_	525.6061503148896	3.7593455690135404	1	p4	noloss	580.2613971013835	4	p	FALSE	1027599.5178864236	9669574.679996219	831143.1757233087	8845481.42073469
treatment	file3	3	P68871	P68871	0.006051693004556	704.4570375017795	MALWMRLLPLLALLALWGPDPAAAFVNQHLCGSHLVEALYLVCGE	MALWMRLLPLLALLALWGPDPAAAFVNQHLCGSHLVEALYLVCGE	2.729260440765633	36.84063106309044	directDIA	_MALWM[Oxidation (M)]RLLPLLALLALWGPDPAAAFVNQHLCGSHLVEALYLVCGE_	_MALWM[Oxidation (M)]RLLPLLALLALWGPDPAAAFVNQHLCGSHLVEALYLVCGE_.3	0.005952018692623824	1	_MALWM[Oxidation (M)]RLLPLLALLALWGPDPAAAFVNQHLCGSHLVEALYLVCGE_	399.38799686798757	2.729260440765633	1	p4	noloss	344.97166475743654	4	p	FALSE	64801546.818403326	15405282157.680986	59368149.163765535	8242124011.91228
treatment	file4	4	P68871	P68871	0.003905157435219735	14.601751231641325	MALWMRLLPLLALLALWGPDPAAAFVNQHLCGSHLVEALYLVCGE	MALWMRLLPLLALLALWGPDPAAAFVNQHLCGSHLVEALYLVCGE	1.0409714764922489	13.344024340174474	directDIA	_MALWM[Oxidation (M)]RLLPLLALLALWGPDPAAAFVNQHLCGSHLVEALYLVCGE_	_MALWM[Oxidation (M)]RLLPLLALLALWGPDPAAAFVNQHLCGSHLVEALYLVCGE_.3	4.318223521113396e-4	1	_MALWM[Oxidation (M)]RLLPLLALLALWGPDPAAAFVNQHLCGSHLVEALYLVCGE_	579.4173582217047	1.0409714764922489	1	p4	noloss	573.2290927629217	4	p	FALSE	3753310.92871694	211645581727.20547	4895605.289411361	219700119566.09482
treatment	file5	5	P68871	P68871	0.0067105757305398585	407.2849904266683	MALWMRLLPLLALLALWGPDPAAAFVNQHLCGSHLVEALYLVCGE	MALWMRLLPLLALLALWGPDPAAAFVNQHLCGSHLVEALYLVCGE	2.7687503784988023	15.453139055822495	directDIA	_MALWM[Oxidation (M)]RLLPLLALLALWGPDPAAAFVNQHLCGSHLVEALYLVCGE_	_MALWM[Oxidation (M)]RLLPLLALLALWGPDPAAAFVNQHLCGSHLVEALYLVCGE_.3	0.004491368702147156	1	_MALWM[Oxidation (M)]RLLPLLALLALWGPDPAAAFVNQHLCGSHLVEALYLVCGE_	435.09432275441327	2.7687503784988023	1	p4	noloss	330.2262768623996	4	p	FALSE	6313939.105191768	82926805.55956247	11825486.081719767	83803598.01387279
control	file1	1	P51681	P51681	0.008692078115418554	510.9669140732255	MVHLTPEE	MVHLTPEE	2.504863817269457	18.467938152611097	directDIA	_MVHLTPEE_	_MVHLTPEE_.2	0.006386748242657632	1	_MVHLTPEE_	598.4692126807663	2.504863817269457	1	p3	noloss	872.5151458845779	3	p	FALSE	205484806.62657484	9021141165699.697	271817711.2092524	9090573091229.6
control	file2	2	P51681	P51681	0.0043640287313610315	2895.437124480952	MVHLTPEE	MVHLTPEE	3.257550136197028	41.46307155926087	directDIA	_MVHLTPEE_	_MVHLTPEE_.2	0.008006750964559614	1	_MVHLTPEE_	510.5098322486581	3.257550136197028	1	p3	noloss	375.3733939466504	3	p	FALSE	9718212.025743145	520515120778448.06	10471494.607698973	316677078660111.9
control	file3	3	P51681	P51681	0.0012047634436748922	15.519566909717181	MVHLTPEE	MVHLTPEE	1.5144200922172002	29.257557801910238	directDIA	_MVHLTPEE_	_MVHLTPEE_.2	0.005418842441868037	1	_MVHLTPEE_	604.6319724183567	1.5144200922172002	1	p3	noloss	854.2485689097449	3	p	FALSE	6822505.888613979	5851281627.902019	8592279.890260475	3594534871.486258
control	file4	4	P51681	P51681	0.006189533595461399	2643.4775865521988	MVHLTPEE	MVHLTPEE	2.625600830671251	39.06896931465742	directDIA	_MVHLTPEE_	_MVHLTPEE_.2	0.008818196621723473	1	_MVHLTPEE_	646.1004079383783	2.625600830671251	1	p3	noloss	610.8985574100001	3	p	FALSE	21856089.459062375	580126715217.1976	30642129.013997685	409915489486.3697
control	file5	5	P51681	P51681	0.004805087510030717	413.83111515868984	MVHLTPEE	MVHLTPEE	2.81368291676105	19.97111569340272	directDIA	_MVHLTPEE_	_MVHLTPEE_.2	6.785675417631864e-5	1	_MVHLTPEE_	549.6261232802055	2.81368291676105	1	p3	noloss	660.6206804057656	3	p	FALSE	35641386426.85467	397098637.6481381	48152415732.46906	280307136.71843076
treatment	file1	1	P01308	P01308	0.00923893089639023	758.3642994198983	KSAVTALWGKVNVDEVGGEALG	KSAVTALWGKVNVDEVGGEALG	2.429339449190619	31.312649145684667	directDIA	_KSAVTALWGKVNVDEVGGEALG_	_KSAVTALWGKVNVDEVGGEALG_.3	0.004468248097691685	1	_KSAVTALWGKVNVDEVGGEALG_	497.7601543783997	2.429339449190619	1	b3	noloss	892.0450624227581	3	b	FALSE	97697325370.439	1192993543527402.5	89234414637.79713	1187456728650098
treatment	file2	2	P01308	P01308	0.0024067268520593646	87.42262522159136	KSAVTALWGKVNVDEVGGEALG	KSAVTALWGKVNVDEVGGEALG	1.3758119986411916	36.222860765274454	directDIA	_KSAVTALWGKVNVDEVGGEALG_	_KSAVTALWGKVNVDEVGGEALG_.3	0.0048330593365244565	1	_KSAVTALWGKVNVDEVGGEALG_	538.825777096969	1.3758119986411916	1	b3	noloss	1134.4809194788872	3	b	FALSE	890345681.3923486	3290547845333.25	917946908.0838771	3119903477051.833
treatment	file3	3	P01308	P01308	0.0077648157556541265	193.57279107823925	KSAVTALWGKVNVDEVGGEALG	KSAVTALWGKVNVDEVGGEALG	2.2893543782227908	48.27724108762175	directDIA	_KSAVTALWGKVNVDEVGGEALG_	_KSAVTALWGKVNVDEVGGEALG_.3	0.007932700563687832	1	_KSAVTALWGKVNVDEVGGEALG_	533.2606496785506	2.2893543782227908	1	b3	noloss	628.0918166451286	3	b	FALSE	12880013.95349439	12691885338.472431	8064204.932837117	10673025037.174805
treatment	file4	4	P01308	P01308	0.0075198788824491205	243.93123120303346	KSAVTALWGKVNVDEVGGEALG	KSAVTALWGKVNVDEVGGEALG	2.9571702926657144	17.486509898347176	directDIA	_KSAVTALWGKVNVDEVGGEALG_	_KSAVTALWGKVNVDEVGGEALG_.3	0.0027851429185830057	1	_KSAVTALWGKVNVDEVGGEALG_	450.67241709445295	2.9571702926657144	1	b3	noloss	590.1737849280471	3	b	FALSE	7621613.918041312	1430352103.1962724	5857432.7665691115	1200933723.6704304
treatment	file5	5	P01308	P01308	0.006764824248384684	103.29778806219585	KSAVTALWGKVNVDEVGGEALG	KSAVTALWGKVNVDEVGGEALG	2.366765275912856	15.642874330570582	directDIA	_KSAVTALWGKVNVDEVGGEALG_	_KSAVTALWGKVNVDEVGGEALG_.3	0.00590550301829353	1	_KSAVTALWGKVNVDEVGGEALG_	521.9381786093803	2.366765275912856	1	b3	noloss	778.5285885527878	3	b	FALSE	25123380.419771742	40797841112.29623	16880615.008717462	27367012565.601376
control	file1	1	P68871	P68871	0.005517194638960063	286.8594234321931	KVLGAFSDGLAHLDNLKGTFATLSELHCD	KVLGAFSDGLAHLDNLKGTFATLSELHCD	1.9535130028258108	32.56073923230727	directDIA	_KVLGAFSDGLAHLDNLKGTFATLSELHCD_	_KVLGAFSDGLAHLDNLKGTFATLSELHCD_.3	0.0018745951121672988	1	_KVLGAFSDGLAHLDNLKGTFATLSELHCD_	580.6594865142847	1.9535130028258108	1	b4	noloss	809.449325130407	4	b	FALSE	5678536.397878557	35819915289.69547	5472947.742704583	29377496910.17509
control	file2	2	P68871	P68871	0.0059786053118295965	254.6895899369161	KVLGAFSDGLAHLDNLKGTFATLSELHCD	KVLGAFSDGLAHLDNLKGTFATLSELHCD	3.0096969322698475	104.87450162109349	directDIA	_KVLGAFSDGLAHLDNLKGTFATLSELHCD_	_KVLGAFSDGLAHLDNLKGTFATLSELHCD_.3	0.008072817486245186	1	_KVLGAFSDGLAHLDNLKGTFATLSELHCD_	577.9166690200601	3.0096969322698475	1	b4	noloss	772.4051053608746	4	b	FALSE	803661291.4637614	630577597197.876	732389744.3361005	461463344400.82947
control	file3	3	P68871	P68871	0.008664375816006214	126.5380416014346	KVLGAFSDGLAHLDNLKGTFATLSELHCD	KVLGAFSDGLAHLDNLKGTFATLSELHCD	2.0479719660188893	36.753113743961485	directDIA	_KVLGAFSDGLAHLDNLKGTFATLSELHCD_	_KVLGAFSDGLAHLDNLKGTFATLSELHCD_.3	0.005943374112248421	1	_KVLGAFSDGLAHLDNLKGTFATLSELHCD_	632.9541739887292	2.0479719660188893	1	b4	noloss	1049.2072333581527	4	b	FALSE	21940885.794662815	920897033.3044943	25764247.4995557	1046804576.2214009
control	file4	4	P68871	P68871	0.004953407126013189	525.0830867021704	KVLGAFSDGLAHLDNLKGTFATLSELHCD	KVLGAFSDGLAHLDNLKGTFATLSELHCD	2.9927766579542068	36.1363174236473	directDIA	_KVLGAFSDGLAHLDNLKGTFATLSELHCD_	_KVLGAFSDGLAHLDNLKGTFATLSELHCD_.3	0.0027234012330882252	1	_KVLGAFSDGLAHLDNLKGTFATLSELHCD_	729.187572312354	2.9927766579542068	1	b4	noloss	1233.065672654673	4	b	FALSE	15628.37028320953	110382417766.17972	18963.10034915205	170643187176.17398
control	file5	5	P68871	P68871	0.009802289640065283	8753.05118013534	KVLGAFSDGLAHLDNLKGTFATLSELHCD	KVLGAFSDGLAHLDNLKGTFATLSELHCD	4.631402308639794	33.76612376110512	directDIA	_KVLGAFSDGLAHLDNLKGTFATLSELHCD_	_KVLGAFSDGLAHLDNLKGTFATLSELHCD_.3	0.008025848530232907	1	_KVLGAFSDGLAHLDNLKGTFATLSELHCD_	633.3671031663866	4.631402308639794	1	b4	noloss	626.1289862054952	4	b	FALSE	1680015.2762008791	273065.888465809	1312604.0724173547	309581.798593078
treatment	file1	1	P51681	P51681	6.937468727119267e-4	293.7524257793074	KLHVDPENFRLLGNVLVCVLAHHFG	KLHVDPENFRLLGNVLVCVLAHHFG	2.3861430136151642	45.44265929145867	directDIA	_KLHVDPENFRLLGNVLVCVLAHHFG_	_KLHVDPENFRLLGNVLVCVLAHHFG_.2	0.006049066542182117	1	_KLHVDPENFRLLGNVLVCVLAHHFG_	747.5786974742057	2.3861430136151642	1	y1	noloss	469.3466005316359	1	y	FALSE	91661496510.22372	24922276531287.652	77110780773.07768	36929130029494.59
treatment	file2	2	P51681	P51681	0.005559289639350027	11.228006580185662	KLHVDPENFRLLGNVLVCVLAHHFG	KLHVDPENFRLLGNVLVCVLAHHFG	0.5477376341188539	74.95250546615947	directDIA	_KLHVDPENFRLLGNVLVCVLAHHFG_	_KLHVDPENFRLLGNVLVCVLAHHFG_.2	0.009579169636126608	1	_KLHVDPENFRLLGNVLVCVLAHHFG_	535.2074035279694	0.5477376341188539	1	y1	noloss	1125.3329295083465	1	y	FALSE	6222374716.508576	25495804512.236233	6484847881.282645	22090322800.957607
treatment	file3	3	P51681	P51681	0.0018937352532520891	158.6489544845818	KLHVDPENFRLLGNVLVCVLAHHFG	KLHVDPENFRLLGNVLVCVLAHHFG	2.522230824322308	35.78461630398565	directDIA	_KLHVDPENFRLLGNVLVCVLAHHFG_	_KLHVDPENFRLLGNVLVCVLAHHFG_.2	0.0017860927456058561	1	_KLHVDPENFRLLGNVLVCVLAHHFG_	735.0668410000328	2.522230824322308	1	y1	noloss	765.8072737711715	1	y	FALSE	104673608.99390243	93874013698.32962	105628747.93611753	62751272800.44493
treatment	file4	4	P51681	P51681	0.0029645748157054188	2323.174461069161	KLHVDPENFRLLGNVLVCVLAHHFG	KLHVDPENFRLLGNVLVCVLAHHFG	3.1746817263253497	25.656362858113976	directDIA	_KLHVDPENFRLLGNVLVCVLAHHFG_	_KLHVDPENFRLLGNVLVCVLAHHFG_.2	4.237858112901449e-5	1	_KLHVDPENFRLLGNVLVCVLAHHFG_	659.3408907817607	3.1746817263253497	1	y1	noloss	524.4575930229526	1	y	FALSE	96103261.31455015	5992308064236.301	108822915.85242844	8019380718431.655
treatment	file5	5	P51681	P51681	0.008410041218157858	27.40673688447043	KLHVDPENFRLLGNVLVCVLAHHFG	KLHVDPENFRLLGNVLVCVLAHHFG	0.4456800320092028	51.38647152212512	directDIA	_KLHVDPENFRLLGNVLVCVLAHHFG_	_KLHVDPENFRLLGNVLVCVLAHHFG_.2	0.003717610442545265	1	_KLHVDPENFRLLGNVLVCVLAHHFG_	480.82911147659684	0.4456800320092028	1	y1	noloss	424.01251138878956	1	y	FALSE	106032253.21101533	3077360194.6683006	75087943.27297701	2165897420.9130282
control	file1	1	P01308	P01308	0.00205107101239264	61.943092779244274	KEFTPPVQAAYQKVVAGVANALAH	KEFTPPVQAAYQKVVAGVANALAH	1.9882306936464602	64.68978698251632	directDIA	_KEFTPPVQAAYQKVVAGVANALAH_	_KEFTPPVQAAYQKVVAGVANALAH_.2	0.0077144417376257485	3	_KEFTPPVQAAYQKVVAGVANALAH_	640.2171012485225	1.9882306936464602	1	y2	noloss	740.3854258421654	2	y	FALSE	151286705.31516877	9139668967.429146	123544564.42604545	6335592675.175869
control	file2	2	P01308	P01308	0.0058271908969618385	11.306110929267668	KEFTPPVQAAYQKVVAGVANALAH	KEFTPPVQAAYQKVVAGVANALAH	1.112831388788528	23.212440667303234	directDIA	_KEFTPPVQAAYQKVVAGVANALAH_	_KEFTPPVQAAYQKVVAGVANALAH_.2	0.005731278639286757	3	_KEFTPPVQAAYQKVVAGVANALAH_	476.23071594305225	1.112831388788528	1	y2	noloss	494.7150674690626	2	y	FALSE	139294007.08619297	5517791807.116011	164461681.64731184	6946084776.256686
control	file3	3	P01308	P01308	0.0039626219822093845	2548.499785266559	KEFTPPVQAAYQKVVAGVANALAH	KEFTPPVQAAYQKVVAGVANALAH	3.0360460964402782	40.66316372409234	directDIA	_KEFTPPVQAAYQKVVAGVANALAH_	_KEFTPPVQAAYQKVVAGVANALAH_.2	0.0017045947466976942	3	_KEFTPPVQAAYQKVVAGVANALAH_	694.7230675691712	3.0360460964402782	1	y2	noloss	614.0625747948912	2	y	FALSE	9438096.16364695	250405617.85410497	11525308.408592299	229747080.55859455
control	file4	4	P01308	P01308	0.0030557127622887494	212.51481579006403	KEFTPPVQAAYQKVVAGVANALAH	KEFTPPVQAAYQKVVAGVANALAH	2.7070675875449735	83.8788591470522	directDIA	_KEFTPPVQAAYQKVVAGVANALAH_	_KEFTPPVQAAYQKVVAGVANALAH_.2	8.939543133601546e-4	3	_KEFTPPVQAAYQKVVAGVANALAH_	546.0253854972417	2.7070675875449735	1	y2	noloss	365.37478004071244	2	y	FALSE	1246799.9947985613	10663798933485.18	1190381.6372064836	8150270572422.192
control	file5	5	P01308	P01308	0.004722552893217653	6609.573095506608	KEFTPPVQAAYQKVVAGVANALAH	KEFTPPVQAAYQKVVAGVANALAH	3.1053734930934893	74.41590934614074	directDIA	_KEFTPPVQAAYQKVVAGVANALAH_	_KEFTPPVQAAYQKVVAGVANALAH_.2	0.008762269346043468	3	_KEFTPPVQAAYQKVVAGVANALAH_	576.3889812963381	3.1053734930934893	1	y2	noloss	815.7112681875138	2	y	FALSE	1112085.2442855756	58380753227.97627	1735855.1093518655	67343600879.46696
treatment	file1	1	P68871	P68871	0.007432490978389978	7212.388510894683	RLLPPLYSLVFIFGFVGNMLVILILINC	RLLPPLYSLVFIFGFVGNMLVILILINC	3.436275167078065	33.87938735835385	directDIA	_RLLPPLYSLVFIFGFVGNMLVILILINC_	_RLLPPLYSLVFIFGFVGNMLVILILINC_.2	0.0014559751586057247	1	_RLLPPLYSLVFIFGFVGNMLVILILINC_	532.0463511056768	3.436275167078065	1	y2	noloss	1377.4324653142266	2	y	FALSE	2566200.1525900406	5141094716.044627	4274650.453668134	5508741138.47154
treatment	file2	2	P68871	P68871	0.009768036066088826	607.7399095864823	RLLPPLYSLVFIFGFVGNMLVILILINC	RLLPPLYSLVFIFGFVGNMLVILILINC	2.938692016432448	70.30429204543202	directDIA	_RLLPPLYSLVFIFGFVGNMLVILILINC_	_RLLPPLYSLVFIFGFVGNMLVILILINC_.2	0.006352766640484333	1	_RLLPPLYSLVFIFGFVGNMLVILILINC_	514.7821707635703	2.938692016432448	1	y2	noloss	670.5401647881034	2	y	FALSE	47803009.07086226	1576993458442.0103	38340505.289739616	2138511753618.8628
treatment	file3	3	P68871	P68871	0.0015626385132782162	242.65539307151312	RLLPPLYSLVFIFGFVGNMLVILILINC	RLLPPLYSLVFIFGFVGNMLVILILINC	1.8639496788243237	31.187411036806036	directDIA	_RLLPPLYSLVFIFGFVGNMLVILILINC_	_RLLPPLYSLVFIFGFVGNMLVILILINC_.2	0.004462376981973648	1	_RLLPPLYSLVFIFGFVGNMLVILILINC_	770.2139709196782	1.8639496788243237	1	y2	noloss	554.5090804443486	2	y	FALSE	211236555.99940953	1621896219.9680622	272598373.7261513	2121568678.1310635
treatment	file4	4	P68871	P68871	0.0012942581134848298	285.2648669925457	RLLPPLYSLVFIFGFVGNMLVILILINC	RLLPPLYSLVFIFGFVGNMLVILILINC	2.361148992480427	47.729631329416875	directDIA	_RLLPPLYSLVFIFGFVGNMLVILILINC_	_RLLPPLYSLVFIFGFVGNMLVILILINC_.2	0.009257650428917259	1	_RLLPPLYSLVFIFGFVGNMLVILILINC_	699.1804522902772	2.361148992480427	1	y2	noloss	704.5013760771621	2	y	FALSE	1290789643.0555484	604929648.9869926	1746482160.0973327	439469289.6340787
treatment	file5	5	P68871	P68871	0.005805593028198928	1138.8925853348258	RLLPPLYSLVFIFGFVGNMLVILILINC	RLLPPLYSLVFIFGFVGNMLVILILINC	2.2673525943423525	30.935291125991952	directDIA	_RLLPPLYSLVFIFGFVGNMLVILILINC_	_RLLPPLYSLVFIFGFVGNMLVILILINC_.2	0.006118997880257666	1	_RLLPPLYSLVFIFGFVGNMLVILILINC_	667.5213077027448	2.2673525943423525	1	y2	noloss	1155.0320412428828	2	y	FALSE	1320123194.6119087	6163714233.863113	1340334768.0460184	6747758996.549873
control	file1	1	P51681	P51681	0.001371491749305278	3304.565384491194	KSMTDIYLLNLAISDLFFLLTVPFWAHYAAAQWDFGNTMCQLLTGLYFIGFFSGIFFIILLTID	KSMTDIYLLNLAISDLFFLLTVPFWAHYAAAQWDFGNTMCQLLTGLYFIGFFSGIFFIILLTID	4.1141707251287745	44.93602187519273	directDIA	_KSMTDIYLLNLAISDLFFLLTVPFWAHYAAAQWDFGNTMCQLLTGLYFIGFFSGIFFIILLTID_	_KSMTDIYLLNLAISDLFFLLTVPFWAHYAAAQWDFGNTMCQLLTGLYFIGFFSGIFFIILLTID_.3	6.906891707330942e-4	1	_KSMTDIYLLNLAISDLFFLLTVPFWAHYAAAQWDFGNTMCQLLTGLYFIGFFSGIFFIILLTID_	607.3619959003937	4.1141707251287745	1	y1	noloss	578.4729129276894	1	y	FALSE	319367842.1171358	109590563994.57085	331955153.928952	142078738223.6617
control	file2	2	P51681	P51681	0.0020199644449166955	337.9035001201884	KSMTDIYLLNLAISDLFFLLTVPFWAHYAAAQWDFGNTMCQLLTGLYFIGFFSGIFFIILLTID	KSMTDIYLLNLAISDLFFLLTVPFWAHYAAAQWDFGNTMCQLLTGLYFIGFFSGIFFIILLTID	3.4188847185571634	33.15549608974037	directDIA	_KSMTDIYLLNLAISDLFFLLTVPFWAHYAAAQWDFGNTMCQLLTGLYFIGFFSGIFFIILLTID_	_KSMTDIYLLNLAISDLFFLLTVPFWAHYAAAQWDFGNTMCQLLTGLYFIGFFSGIFFIILLTID_.3	0.005168082909658552	1	_KSMTDIYLLNLAISDLFFLLTVPFWAHYAAAQWDFGNTMCQLLTGLYFIGFFSGIFFIILLTID_	673.6333814551808	3.4188847185571634	1	y1	noloss	418.2525066645169	1	y	FALSE	580990106.938675	1824259107.2475858	1010843984.9639211	3532142660.204487
control	file3	3	P51681	P51681	0.0034164906456135213	9165.796836867668	KSMTDIYLLNLAISDLFFLLTVPFWAHYAAAQWDFGNTMCQLLTGLYFIGFFSGIFFIILLTID	KSMTDIYLLNLAISDLFFLLTVPFWAHYAAAQWDFGNTMCQLLTGLYFIGFFSGIFFIILLTID	4.489692544193426	26.008680553864174	directDIA	_KSMTDIYLLNLAISDLFFLLTVPFWAHYAAAQWDFGNTMCQLLTGLYFIGFFSGIFFIILLTID_	_KSMTDIYLLNLAISDLFFLLTVPFWAHYAAAQWDFGNTMCQLLTGLYFIGFFSGIFFIILLTID_.3	0.00689569796435535	1	_KSMTDIYLLNLAISDLFFLLTVPFWAHYAAAQWDFGNTMCQLLTGLYFIGFFSGIFFIILLTID_	666.1712776915952	4.489692544193426	1	y1	noloss	552.6977805133179	1	y	FALSE	13427225.801345319	2047554473217.9434	17516199.871392515	1827181883759.0608
control	file4	4	P51681	P51681	0.00265900946687907	2789.9699157083624	KSMTDIYLLNLAISDLFFLLTVPFWAHYAAAQWDFGNTMCQLLTGLYFIGFFSGIFFIILLTID	KSMTDIYLLNLAISDLFFLLTVPFWAHYAAAQWDFGNTMCQLLTGLYFIGFFSGIFFIILLTID	4.167479116346977	57.21046477327378	directDIA	_KSMTDIYLLNLAISDLFFLLTVPFWAHYAAAQWDFGNTMCQLLTGLYFIGFFSGIFFIILLTID_	_KSMTDIYLLNLAISDLFFLLTVPFWAHYAAAQWDFGNTMCQLLTGLYFIGFFSGIFFIILLTID_.3	0.004849053584039211	1	_KSMTDIYLLNLAISDLFFLLTVPFWAHYAAAQWDFGNTMCQLLTGLYFIGFFSGIFFIILLTID_	760.3520598381286	4.167479116346977	1	y1	noloss	434.51565854117484	1	y	FALSE	52002505.59088687	310095646.44034123	53012513.63862619	627584612.3933507
control	file5	5	P51681	P51681	0.007215859815478325	364.99533204711906	KSMTDIYLLNLAISDLFFLLTVPFWAHYAAAQWDFGNTMCQLLTGLYFIGFFSGIFFIILLTID	KSMTDIYLLNLAISDLFFLLTVPFWAHYAAAQWDFGNTMCQLLTGLYFIGFFSGIFFIILLTID	2.2664640322937384	12.118258102773535	directDIA	_KSMTDIYLLNLAISDLFFLLTVPFWAHYAAAQWDFGNTMCQLLTGLYFIGFFSGIFFIILLTID_	_KSMTDIYLLNLAISDLFFLLTVPFWAHYAAAQWDFGNTMCQLLTGLYFIGFFSGIFFIILLTID_.3	0.006160639214795083	1	_KSMTDIYLLNLAISDLFFLLTVPFWAHYAAAQWDFGNTMCQLLTGLYFIGFFSGIFFIILLTID_	685.003977821244	2.2664640322937384	1	y1	noloss	514.6755147065577	1	y	FALSE	54006731.60565435	331074258683.4013	64088316.87634483	526550300091.9471
treatment	file1	1	P01308	P01308	0.0069549148436635734	17.382965711670515	RLDQAMQVTETLGMTHCCINPIIYAFVGE	RLDQAMQVTETLGMTHCCINPIIYAFVGE	1.9472199643651003	36.74889672472906	directDIA	_RLDQAMQVTETLGM[Oxidation (M)]THCCINPIIYAFVGE_	_RLDQAMQVTETLGM[Oxidation (M)]THCCINPIIYAFVGE_.2	0.004791257800534367	1	_RLDQAMQVTETLGM[Oxidation (M)]THCCINPIIYAFVGE_	579.3810993542486	1.9472199643651003	1	y2	noloss	616.0000173970134	2	y	FALSE	376708201.85526866	2366836453257.784	341015431.1842026	2960529613350.036
treatment	file2	2	P01308	P01308	0.007942087270785124	211.68277120696501	RLDQAMQVTETLGMTHCCINPIIYAFVGE	RLDQAMQVTETLGMTHCCINPIIYAFVGE	2.5491073803337905	49.17619253542593	directDIA	_RLDQAMQVTETLGM[Oxidation (M)]THCCINPIIYAFVGE_	_RLDQAMQVTETLGM[Oxidation (M)]THCCINPIIYAFVGE_.2	0.008526489632204174	1	_RLDQAMQVTETLGM[Oxidation (M)]THCCINPIIYAFVGE_	578.5107056740104	2.5491073803337905	1	y2	noloss	1114.5917772381706	2	y	FALSE	8064322.0871090535	205563145.9998814	10529483.352940546	118238384.42596999
treatment	file3	3	P01308	P01308	0.0027446999866515397	22.61429326776123	RLDQAMQVTETLGMTHCCINPIIYAFVGE	RLDQAMQVTETLGMTHCCINPIIYAFVGE	0.7499470897119731	54.81584148119468	directDIA	_RLDQAMQVTETLGM[Oxidation (M)]THCCINPIIYAFVGE_	_RLDQAMQVTETLGM[Oxidation (M)]THCCINPIIYAFVGE_.2	0.0026765846274793147	1	_RLDQAMQVTETLGM[Oxidation (M)]THCCINPIIYAFVGE_	553.1927435663873	0.7499470897119731	1	y2	noloss	831.8124175340666	2	y	FALSE	6770313454.368805	8060118.852896885	8422035737.0435	13577674.52569211
treatment	file4	4	P01308	P01308	0.0018195636197924614	1410.5090006243145	RLDQAMQVTETLGMTHCCINPIIYAFVGE	RLDQAMQVTETLGMTHCCINPIIYAFVGE	2.987576080621803	52.21502440392106	directDIA	_RLDQAMQVTETLGM[Oxidation (M)]THCCINPIIYAFVGE_	_RLDQAMQVTETLGM[Oxidation (M)]THCCINPIIYAFVGE_.2	0.004085919419303537	1	_RLDQAMQVTETLGM[Oxidation (M)]THCCINPIIYAFVGE_	563.6261439184166	2.987576080621803	1	y2	noloss	556.0985770522047	2	y	FALSE	16315456.441869095	209444721889011.25	37570028.30916206	239746689631714.38
treatment	file5	5	P01308	P01308	0.004626036670524627	1334.053074220678	RLDQAMQVTETLGMTHCCINPIIYAFVGE	RLDQAMQVTETLGMTHCCINPIIYAFVGE	3.9494682112796706	29.19259644368823	directDIA	_RLDQAMQVTETLGM[Oxidation (M)]THCCINPIIYAFVGE_	_RLDQAMQVTETLGM[Oxidation (M)]THCCINPIIYAFVGE_.2	0.007996168741956354	1	_RLDQAMQVTETLGM[Oxidation (M)]THCCINPIIYAFVGE_	576.3316060504472	3.9494682112796706	1	y2	noloss	598.8742184211402	2	y	FALSE	73225717.53237846	4433446803.765288	66878728.68495882	4452145166.977012
control	file1	1	P68871	P68871	0.005505450768396258	708.8371280057206	KINVKQIAA	KINVKQIAA	3.035961990850255	83.79524202152825	directDIA	_KINVKQIAA_	_KINVKQIAA_.2	0.008736916733905673	1	_KINVKQIAA_	722.2880749598266	3.035961990850255	2	b2	noloss	684.5181201750061	2	b	FALSE	465672.53022774553	15673859352.482119	424634.2039587962	15113514643.99706
control	file2	2	P68871	P68871	0.00622717714169994	745.1181413090233	KINVKQIAA	KINVKQIAA	2.9128347175524323	11.070887874273778	directDIA	_KINVKQIAA_	_KINVKQIAA_.2	0.005388954088557512	1	_KINVKQIAA_	367.164036730191	2.9128347175524323	2	b2	noloss	549.1319896132684	2	b	FALSE	78950874.36583403	12285838081426.396	44985646.01166721	12880353651581.756
control	file3	3	P68871	P68871	0.004828934238757938	418.82328601641416	KINVKQIAA	KINVKQIAA	3.155935951256115	16.970914679769344	directDIA	_KINVKQIAA_	_KINVKQIAA_.2	0.003281740164384246	1	_KINVKQIAA_	529.8154171589658	3.155935951256115	2	b2	noloss	597.4624677605574	2	b	FALSE	2767579664.0263968	4168264893019.161	3773907560.3219705	5011034804431.969
control	file4	4	P68871	P68871	0.0012983097415417433	195.82852804524626	KINVKQIAA	KINVKQIAA	1.6347869572431364	27.906605104871772	directDIA	_KINVKQIAA_	_KINVKQIAA_.2	0.005782891409471631	1	_KINVKQIAA_	586.7119280633343	1.6347869572431364	2	b2	noloss	481.6486437757394	2	b	FALSE	247578538.34340724	12443608697.87537	247463764.48762915	14532210060.901714
control	file5	5	P68871	P68871	0.00883996807038784	69.7071208849762	KINVKQIAA	KINVKQIAA	2.330780661044706	24.790545354548573	directDIA	_KINVKQIAA_	_KINVKQIAA_.2	0.0033387523144483566	1	_KINVKQIAA_	471.67415962468	2.330780661044706	2	b2	noloss	649.3576490273156	2	b	FALSE	124654989.1278027	65167711.527655594	89945901.95175834	92558741.24140449
treatment	file1	1	P51681	P51681	0.00991317927837372	4.068762569709069	RLDQAMQVTETLGMTHCCINPIIYAFVGE	RLDQAMQVTETLGMTHCCINPIIYAFVGE	0.17915844484160992	63.52550953044822	directDIA	_RLDQAM[Oxidation (M)]QVTETLGMTHCCINPIIYAFVGE_	_RLDQAM[Oxidation (M)]QVTETLGMTHCCINPIIYAFVGE_.2	0.001584956361912191	2	_RLDQAM[Oxidation (M)]QVTETLGMTHCCINPIIYAFVGE_	761.9100610105532	0.17915844484160992	1	y3	noloss	944.4858579476554	3	y	FALSE	277674391.1485469	11374227272.051779	217769043.88933223	10350682073.135761
treatment	file2	2	P51681	P51681	0.008619654360227286	422.8296242580477	RLDQAMQVTETLGMTHCCINPIIYAFVGE	RLDQAMQVTETLGMTHCCINPIIYAFVGE	1.7337619848502275	26.98398392616625	directDIA	_RLDQAM[Oxidation (M)]QVTETLGMTHCCINPIIYAFVGE_	_RLDQAM[Oxidation (M)]QVTETLGMTHCCINPIIYAFVGE_.2	0.005101237948983908	2	_RLDQAM[Oxidation (M)]QVTETLGMTHCCINPIIYAFVGE_	576.6051698988142	1.7337619848502275	1	y3	noloss	819.5795492332462	3	y	FALSE	1203962986.552052	421500024239.91364	1171128478.2930033	234505864421.95447
treatment	file3	3	P51681	P51681	0.00852250717813149	448.33924152836227	RLDQAMQVTETLGMTHCCINPIIYAFVGE	RLDQAMQVTETLGMTHCCINPIIYAFVGE	2.766359917530868	37.492563000898585	directDIA	_RLDQAM[Oxidation (M)]QVTETLGMTHCCINPIIYAFVGE_	_RLDQAM[Oxidation (M)]QVTETLGMTHCCINPIIYAFVGE_.2	3.6473062122240665e-4	2	_RLDQAM[Oxidation (M)]QVTETLGMTHCCINPIIYAFVGE_	488.30818687864087	2.766359917530868	1	y3	noloss	717.1829700048609	3	y	FALSE	32479884.28435054	15910495403565.432	28059345.36561581	17629320514478.28
treatment	file4	4	P51681	P51681	0.003774136072024703	894049.0719437297	RLDQAMQVTETLGMTHCCINPIIYAFVGE	RLDQAMQVTETLGMTHCCINPIIYAFVGE	6.58380562494545	26.761660197811995	directDIA	_RLDQAM[Oxidation (M)]QVTETLGMTHCCINPIIYAFVGE_	_RLDQAM[Oxidation (M)]QVTETLGMTHCCINPIIYAFVGE_.2	0.001424780278466642	2	_RLDQAM[Oxidation (M)]QVTETLGMTHCCINPIIYAFVGE_	510.83862131893244	6.58380562494545	1	y3	noloss	1102.5511764875644	3	y	FALSE	928211.6452141246	12631169129399.16	765857.9657907852	12592244862755.775
treatment	file5	5	P51681	P51681	0.0061707649985328315	11363.519637403113	RLDQAMQVTETLGMTHCCINPIIYAFVGE	RLDQAMQVTETLGMTHCCINPIIYAFVGE	3.6984625285868287	82.65331132299487	directDIA	_RLDQAM[Oxidation (M)]QVTETLGMTHCCINPIIYAFVGE_	_RLDQAM[Oxidation (M)]QVTETLGMTHCCINPIIYAFVGE_.2	0.001719273617491126	2	_RLDQAM[Oxidation (M)]QVTETLGMTHCCINPIIYAFVGE_	687.239516251344	3.6984625285868287	1	y3	noloss	1152.785231716204	3	y	FALSE	715642695.490755	584623739221.7345	479026813.45537996	718926100769.1794
control	file1	1	P01308	P01308	0.0051834239251911645	1426.5635660815271	RLLPLLALLALWGPDPAAAFVNQHLCGSHLVEALYLVCGERGFFYTP	RLLPLLALLALWGPDPAAAFVNQHLCGSHLVEALYLVCGERGFFYTP	2.403135994850471	68.63527757096632	directDIA	_RLLPLLALLALWGPDPAAAFVNQHLC[Carbamidomethyl (C)]GSHLVEALYLVCGERGFFYTP_	_RLLPLLALLALWGPDPAAAFVNQHLC[Carbamidomethyl (C)]GSHLVEALYLVCGERGFFYTP_.3	0.0032398948748596015	2	_RLLPLLALLALWGPDPAAAFVNQHLC[Carbamidomethyl (C)]GSHLVEALYLVCGERGFFYTP_	786.9009340504089	2.403135994850471	2	y1	noloss	237.62309765154126	1	y	FALSE	6158188.684781564	7693034403.4525585	4877005.891700114	8430341239.003677
control	file2	2	P01308	P01308	0.00036929209949448705	78.89130698503048	RLLPLLALLALWGPDPAAAFVNQHLCGSHLVEALYLVCGERGFFYTP	RLLPLLALLALWGPDPAAAFVNQHLCGSHLVEALYLVCGERGFFYTP	2.210449541996154	30.842431141119274	directDIA	_RLLPLLALLALWGPDPAAAFVNQHLC[Carbamidomethyl (C)]GSHLVEALYLVCGERGFFYTP_	_RLLPLLALLALWGPDPAAAFVNQHLC[Carbamidomethyl (C)]GSHLVEALYLVCGERGFFYTP_.3	0.003535728014539927	2	_RLLPLLALLALWGPDPAAAFVNQHLC[Carbamidomethyl (C)]GSHLVEALYLVCGERGFFYTP_	587.5731496187759	2.210449541996154	2	y1	noloss	836.1553802044511	1	y	FALSE	2906191890.1835036	7371813771164780	2957482653.1268096	5411294163696760
control	file3	3	P01308	P01308	0.007430324344895781	30.272659191235164	RLLPLLALLALWGPDPAAAFVNQHLCGSHLVEALYLVCGERGFFYTP	RLLPLLALLALWGPDPAAAFVNQHLCGSHLVEALYLVCGERGFFYTP	1.0417642529582156	50.816373789137984	directDIA	_RLLPLLALLALWGPDPAAAFVNQHLC[Carbamidomethyl (C)]GSHLVEALYLVCGERGFFYTP_	_RLLPLLALLALWGPDPAAAFVNQHLC[Carbamidomethyl (C)]GSHLVEALYLVCGERGFFYTP_.3	0.008665013103745877	2	_RLLPLLALLALWGPDPAAAFVNQHLC[Carbamidomethyl (C)]GSHLVEALYLVCGERGFFYTP_	610.7028807376313	1.0417642529582156	2	y1	noloss	668.4391447639011	1	y	FALSE	3480390339.4972157	340406641803.4361	2592446131.222784	202641227255.59576
control	file4	4	P01308	P01308	0.008424285042565316	1636.1340762910404	RLLPLLALLALWGPDPAAAFVNQHLCGSHLVEALYLVCGERGFFYTP	RLLPLLALLALWGPDPAAAFVNQHLCGSHLVEALYLVCGERGFFYTP	2.9398493525082716	21.639509663085377	directDIA	_RLLPLLALLALWGPDPAAAFVNQHLC[Carbamidomethyl (C)]GSHLVEALYLVCGERGFFYTP_	_RLLPLLALLALWGPDPAAAFVNQHLC[Carbamidomethyl (C)]GSHLVEALYLVCGERGFFYTP_.3	0.0035643931827507914	2	_RLLPLLALLALWGPDPAAAFVNQHLC[Carbamidomethyl (C)]GSHLVEALYLVCGERGFFYTP_	505.1464939944897	2.9398493525082716	2	y1	noloss	387.19487618183706	1	y	FALSE	9693379.343088295	3500690052741869.5	7531892.218453761	2845524713526468
control	file5	5	P01308	P01308	4.911531717516482e-4	55.15054930905725	RLLPLLALLALWGPDPAAAFVNQHLCGSHLVEALYLVCGERGFFYTP	RLLPLLALLALWGPDPAAAFVNQHLCGSHLVEALYLVCGERGFFYTP	2.0466657240869033	37.177375717970065	directDIA	_RLLPLLALLALWGPDPAAAFVNQHLC[Carbamidomethyl (C)]GSHLVEALYLVCGERGFFYTP_	_RLLPLLALLALWGPDPAAAFVNQHLC[Carbamidomethyl (C)]GSHLVEALYLVCGERGFFYTP_.3	0.009507152647711337	2	_RLLPLLALLALWGPDPAAAFVNQHLC[Carbamidomethyl (C)]GSHLVEALYLVCGERGFFYTP_	731.6644710729183	2.0466657240869033	2	y1	noloss	1606.7324899036432	1	y	FALSE	401579.55035317247	123899211757.73015	268982.6067125758	93455719698.81358
treatment	file1	1	P68871	P68871	0.008932892077136784	2218.7534136669824	RLLPLLALLALWGPDPAAAFVNQHLCGSHLVEALYLVCGERGFFYTP	RLLPLLALLALWGPDPAAAFVNQHLCGSHLVEALYLVCGERGFFYTP	3.686128203059951	24.770171646846965	directDIA	_RLLPLLALLALWGPDPAAAFVNQHLCGSHLVEALYLVCGERGFFYTP_	_RLLPLLALLALWGPDPAAAFVNQHLCGSHLVEALYLVCGERGFFYTP_.3	0.004824225478805602	1	_RLLPLLALLALWGPDPAAAFVNQHLCGSHLVEALYLVCGERGFFYTP_	672.2656926345969	3.686128203059951	1	p2	noloss	678.3091995722169	2	p	FALSE	6393781795.92139	27332337825.042297	4281831809.7711473	27152769399.20926
treatment	file2	2	P68871	P68871	0.003781774528324604	786.1050561150397	RLLPLLALLALWGPDPAAAFVNQHLCGSHLVEALYLVCGERGFFYTP	RLLPLLALLALWGPDPAAAFVNQHLCGSHLVEALYLVCGERGFFYTP	2.736697679357909	34.290101978773116	directDIA	_RLLPLLALLALWGPDPAAAFVNQHLCGSHLVEALYLVCGERGFFYTP_	_RLLPLLALLALWGPDPAAAFVNQHLCGSHLVEALYLVCGERGFFYTP_.3	0.008674150258302689	1	_RLLPLLALLALWGPDPAAAFVNQHLCGSHLVEALYLVCGERGFFYTP_	367.0746537142469	2.736697679357909	1	p2	noloss	536.8455722418904	2	p	FALSE	33614700193.054527	69806900688406.18	26129663485.751526	70326445647244.49
treatment	file3	3	P68871	P68871	0.006955643014516681	103.78495884926713	RLLPLLALLALWGPDPAAAFVNQHLCGSHLVEALYLVCGERGFFYTP	RLLPLLALLALWGPDPAAAFVNQHLCGSHLVEALYLVCGERGFFYTP	2.642441831112552	49.91251031780709	directDIA	_RLLPLLALLALWGPDPAAAFVNQHLCGSHLVEALYLVCGERGFFYTP_	_RLLPLLALLALWGPDPAAAFVNQHLCGSHLVEALYLVCGERGFFYTP_.3	0.003176236101426184	1	_RLLPLLALLALWGPDPAAAFVNQHLCGSHLVEALYLVCGERGFFYTP_	535.4767454182474	2.642441831112552	1	p2	noloss	817.9778937379223	2	p	FALSE	1495214049.155372	11242718112954.92	1689015334.0767245	6981091357914.8
treatment	file4	4	P68871	P68871	0.0071731136250309645	176.30374500255695	RLLPLLALLALWGPDPAAAFVNQHLCGSHLVEALYLVCGERGFFYTP	RLLPLLALLALWGPDPAAAFVNQHLCGSHLVEALYLVCGERGFFYTP	2.046566212558464	67.14648311845414	directDIA	_RLLPLLALLALWGPDPAAAFVNQHLCGSHLVEALYLVCGERGFFYTP_	_RLLPLLALLALWGPDPAAAFVNQHLCGSHLVEALYLVCGERGFFYTP_.3	0.0033546748268418014	1	_RLLPLLALLALWGPDPAAAFVNQHLCGSHLVEALYLVCGERGFFYTP_	576.5882505658471	2.046566212558464	1	p2	noloss	1014.0411152757075	2	p	FALSE	11440858.060370423	441962986985.21454	11674919.845870525	692265308361.4568
treatment	file5	5	P68871	P68871	0.00682524946751073	578.9516843012922	RLLPLLALLALWGPDPAAAFVNQHLCGSHLVEALYLVCGERGFFYTP	RLLPLLALLALWGPDPAAAFVNQHLCGSHLVEALYLVCGERGFFYTP	3.1690256482652046	31.178505088849192	directDIA	_RLLPLLALLALWGPDPAAAFVNQHLCGSHLVEALYLVCGERGFFYTP_	_RLLPLLALLALWGPDPAAAFVNQHLCGSHLVEALYLVCGERGFFYTP_.3	0.0016140271932817995	1	_RLLPLLALLALWGPDPAAAFVNQHLCGSHLVEALYLVCGERGFFYTP_	489.18393266194744	3.1690256482652046	1	p2	noloss	624.0799277469698	2	p	FALSE	7427812.223151816	144308084.02182236	6434879.566701469	133401698.37621859
control	file1	1	P51681	P51681	0.003004063561093062	138.6458519485782	KTRREAEDLQVGQVELGGGPGAGSLQPLALEGSLQ	KTRREAEDLQVGQVELGGGPGAGSLQPLALEGSLQ	2.1821048058130366	32.40991038783969	directDIA	_KTRREAEDLQVGQVELGGGPGAGSLQPLALEGSLQ_	_KTRREAEDLQVGQVELGGGPGAGSLQPLALEGSLQ_.2	0.0062493952596560124	1	_KTRREAEDLQVGQVELGGGPGAGSLQPLALEGSLQ_	572.6775824397844	2.1821048058130366	3	y3	noloss	636.3033276390105	3	y	FALSE	778064474.7526695	27743742.726570725	1119369992.8968422	25722412.70890897
control	file2	2	P51681	P51681	0.0030262318276800216	450.95465850124185	KTRREAEDLQVGQVELGGGPGAGSLQPLALEGSLQ	KTRREAEDLQVGQVELGGGPGAGSLQPLALEGSLQ	3.2630052487054373	25.72292047266982	directDIA	_KTRREAEDLQVGQVELGGGPGAGSLQPLALEGSLQ_	_KTRREAEDLQVGQVELGGGPGAGSLQPLALEGSLQ_.2	0.0018340915627777577	1	_KTRREAEDLQVGQVELGGGPGAGSLQPLALEGSLQ_	486.6558845735806	3.2630052487054373	3	y3	noloss	902.5587520669974	3	y	FALSE	3750859935.840007	1339409928341.373	3161436589.956073	1637713098179.732
control	file3	3	P51681	P51681	0.004761103983037174	148.86781357578275	KTRREAEDLQVGQVELGGGPGAGSLQPLALEGSLQ	KTRREAEDLQVGQVELGGGPGAGSLQPLALEGSLQ	2.649438265125628	24.561227919707562	directDIA	_KTRREAEDLQVGQVELGGGPGAGSLQPLALEGSLQ_	_KTRREAEDLQVGQVELGGGPGAGSLQPLALEGSLQ_.2	0.005392282553948462	1	_KTRREAEDLQVGQVELGGGPGAGSLQPLALEGSLQ_	635.9307953730572	2.649438265125628	3	y3	noloss	696.5904600915602	3	y	FALSE	161873504.85414758	33137721160.959248	183162410.7654034	33651554938.624584
control	file4	4	P51681	P51681	4.848248395137489e-4	7641.290375060061	KTRREAEDLQVGQVELGGGPGAGSLQPLALEGSLQ	KTRREAEDLQVGQVELGGGPGAGSLQPLALEGSLQ	3.955193408402401	34.54449732884066	directDIA	_KTRREAEDLQVGQVELGGGPGAGSLQPLALEGSLQ_	_KTRREAEDLQVGQVELGGGPGAGSLQPLALEGSLQ_.2	0.001961708927992731	1	_KTRREAEDLQVGQVELGGGPGAGSLQPLALEGSLQ_	633.5644763865137	3.955193408402401	3	y3	noloss	823.1153443696351	3	y	FALSE	13290418.510495264	4439013735565.976	14683655.031723816	5365965774679.3545
control	file5	5	P51681	P51681	0.004916198200080544	632.7516097172281	KTRREAEDLQVGQVELGGGPGAGSLQPLALEGSLQ	KTRREAEDLQVGQVELGGGPGAGSLQPLALEGSLQ	2.65956126630247	83.77139894384703	directDIA	_KTRREAEDLQVGQVELGGGPGAGSLQPLALEGSLQ_	_KTRREAEDLQVGQVELGGGPGAGSLQPLALEGSLQ_.2	0.0010401020431891083	1	_KTRREAEDLQVGQVELGGGPGAGSLQPLALEGSLQ_	681.098435313938	2.65956126630247	3	y3	noloss	636.2551757764761	3	y	FALSE	37238581587.31641	2122188611611.303	52063810696.127884	1588248234320.6216
treatment	file1	1	P01308	P01308	0.005886247237212956	229.27744252876656	KRGIVEQCCTSICSLYQLENYCN	KRGIVEQCCTSICSLYQLENYCN	2.88311268207144	26.52112411680738	directDIA	_KRGIVEQCCTSICSLYQLENYCN_	_KRGIVEQCCTSICSLYQLENYCN_.3	0.003302643867209554	1	_KRGIVEQCCTSICSLYQLENYCN_	641.6456135933571	2.88311268207144	1	b4	noloss	523.1988227837322	4	b	FALSE	69148131.93293855	3105613158.301712	95041951.5765283	2828666133.3080487
treatment	file2	2	P01308	P01308	0.0023463932843878865	202.58598085103472	KRGIVEQCCTSICSLYQLENYCN	KRGIVEQCCTSICSLYQLENYCN	2.201800863006589	83.6254439032191	directDIA	_KRGIVEQCCTSICSLYQLENYCN_	_KRGIVEQCCTSICSLYQLENYCN_.3	0.006015681631397456	1	_KRGIVEQCCTSICSLYQLENYCN_	759.4114038853862	2.201800863006589	1	b4	noloss	512.3336540787479	4	b	FALSE	108373454.34140557	57429728.04711617	143507438.4698788	80486542.6457499
treatment	file3	3	P01308	P01308	0.009646382494829596	63.20745777680132	KRGIVEQCCTSICSLYQLENYCN	KRGIVEQCCTSICSLYQLENYCN	2.099409937963489	47.43985955793012	directDIA	_KRGIVEQCCTSICSLYQLENYCN_	_KRGIVEQCCTSICSLYQLENYCN_.3	0.006904089022427798	1	_KRGIVEQCCTSICSLYQLENYCN_	561.38621227119	2.099409937963489	1	b4	noloss	1048.9615748129804	4	b	FALSE	4374036605.445164	490099286746558.06	3445430446.055865	418813155174177.9
treatment	file4	4	P01308	P01308	0.0015999466041103005	7905.611732214644	KRGIVEQCCTSICSLYQLENYCN	KRGIVEQCCTSICSLYQLENYCN	3.1071511851336298	43.33867426136743	directDIA	_KRGIVEQCCTSICSLYQLENYCN_	_KRGIVEQCCTSICSLYQLENYCN_.3	0.002048864585813135	1	_KRGIVEQCCTSICSLYQLENYCN_	384.66966325635696	3.1071511851336298	1	b4	noloss	717.7287944624062	4	b	FALSE	71121051.29604289	1425488881799.4587	74109893.9130107	1386441872419.6414
treatment	file5	5	P01308	P01308	0.005752379838377238	222.6812557810933	KRGIVEQCCTSICSLYQLENYCN	KRGIVEQCCTSICSLYQLENYCN	2.543435686931325	26.328887180993277	directDIA	_KRGIVEQCCTSICSLYQLENYCN_	_KRGIVEQCCTSICSLYQLENYCN_.3	0.004150254782289266	1	_KRGIVEQCCTSICSLYQLENYCN_	602.5659213079887	2.543435686931325	1	b4	noloss	1157.2760622755402	4	b	FALSE	19127898515.53791	4262798295345343	15926311094.10576	4195160097643808
control	file1	1	P68871	P68871	0.004207922122441233	596.902757923187	MALWMRLLPLLALLALWGPDPAAAFVNQHLCGSHLVEALYLVCGE	MALWMRLLPLLALLALWGPDPAAAFVNQHLCGSHLVEALYLVCGE	2.3278527273458476	50.55406200577054	directDIA	_MALWM[Oxidation (M)]RLLPLLALLALWGPDPAAAFVNQHLCGSHLVEALYLVCGE_	_MALWM[Oxidation (M)]RLLPLLALLALWGPDPAAAFVNQHLCGSHLVEALYLVCGE_.3	0.0014443036122247577	1	_MALWM[Oxidation (M)]RLLPLLALLALWGPDPAAAFVNQHLCGSHLVEALYLVCGE_	664.9848845025497	2.3278527273458476	1	p4	noloss	1183.9103871415682	4	p	FALSE	41450700.56841921	1113420242576.6306	26697288.38708848	847928563097.4797
control	file2	2	P68871	P68871	0.0012242970848456026	873.5894078095721	MALWMRLLPLLALLALWGPDPAAAFVNQHLCGSHLVEALYLVCGE	MALWMRLLPLLALLALWGPDPAAAFVNQHLCGSHLVEALYLVCGE	3.3459060646550256	42.11313428438479	directDIA	_MALWM[Oxidation (M)]RLLPLLALLALWGPDPAAAFVNQHLCGSHLVEALYLVCGE_	_MALWM[Oxidation (M)]RLLPLLALLALWGPDPAAAFVNQHLCGSHLVEALYLVCGE_.3	0.002075575850903988	1	_MALWM[Oxidation (M)]RLLPLLALLALWGPDPAAAFVNQHLCGSHLVEALYLVCGE_	559.8764400487197	3.3459060646550256	1	p4	noloss	530.1231004509646	4	p	FALSE	633179661.2704111	54522445303.91633	696514004.0262414	60569038467.28895
control	file3	3	P68871	P68871	0.003642852073535323	134.21463831462003	MALWMRLLPLLALLALWGPDPAAAFVNQHLCGSHLVEALYLVCGE	MALWMRLLPLLALLALWGPDPAAAFVNQHLCGSHLVEALYLVCGE	2.9772595580554637	22.37142028580159	directDIA	_MALWM[Oxidation (M)]RLLPLLALLALWGPDPAAAFVNQHLCGSHLVEALYLVCGE_	_MALWM[Oxidation (M)]RLLPLLALLALWGPDPAAAFVNQHLCGSHLVEALYLVCGE_.3	0.007659290002193302	1	_MALWM[Oxidation (M)]RLLPLLALLALWGPDPAAAFVNQHLCGSHLVEALYLVCGE_	740.0876477632912	2.9772595580554637	1	p4	noloss	659.3232374717513	4	p	FALSE	15338566.835866323	836508763361.2039	17052551.732256714	849456774580.2854
control	file4	4	P68871	P68871	0.009987261595670134	300.85927968186274	MALWMRLLPLLALLALWGPDPAAAFVNQHLCGSHLVEALYLVCGE	MALWMRLLPLLALLALWGPDPAAAFVNQHLCGSHLVEALYLVCGE	1.7053676719382374	51.30363557337585	directDIA	_MALWM[Oxidation (M)]RLLPLLALLALWGPDPAAAFVNQHLCGSHLVEALYLVCGE_	_MALWM[Oxidation (M)]RLLPLLALLALWGPDPAAAFVNQHLCGSHLVEALYLVCGE_.3	0.004816271720919758	1	_MALWM[Oxidation (M)]RLLPLLALLALWGPDPAAAFVNQHLCGSHLVEALYLVCGE_	709.4768678686069	1.7053676719382374	1	p4	noloss	1127.9368674380441	4	p	FALSE	99402869.22242151	152246533433.80338	66769471.78552523	268944384519.95187
control	file5	5	P68871	P68871	0.00797886293148622	50733.869978583105	MALWMRLLPLLALLALWGPDPAAAFVNQHLCGSHLVEALYLVCGE	MALWMRLLPLLALLALWGPDPAAAFVNQHLCGSHLVEALYLVCGE	5.216576939904694	49.12930383952424	directDIA	_MALWM[Oxidation (M)]RLLPLLALLALWGPDPAAAFVNQHLCGSHLVEALYLVCGE_	_MALWM[Oxidation (M)]RLLPLLALLALWGPDPAAAFVNQHLCGSHLVEALYLVCGE_.3	0.002394937756471336	1	_MALWM[Oxidation (M)]RLLPLLALLALWGPDPAAAFVNQHLCGSHLVEALYLVCGE_	653.7493298921215	5.216576939904694	1	p4	noloss	630.9573534615387	4	p	FALSE	1370694611.4200559	8065941.203047059	2249343073.6227207	6098782.618839297
treatment	file1	1	P51681	P51681	0.0034985151165165007	153.9387436738974	MVHLTPEE	MVHLTPEE	2.0623283197120985	62.116998436181106	directDIA	_MVHLTPEE_	_MVHLTPEE_.2	0.007964013207238168	1	_MVHLTPEE_	606.9774757774611	2.0623283197120985	1	p3	noloss	804.4387986574494	3	p	FALSE	192203680.35121536	12244409647781.785	142140900.5730456	13462654935225.426
treatment	file2	2	P51681	P51681	0.009369770546909422	174.5970448716295	MVHLTPEE	MVHLTPEE	1.593736007467586	81.90663642334951	directDIA	_MVHLTPEE_	_MVHLTPEE_.2	0.0044273098744452	1	_MVHLTPEE_	544.8499366806215	1.593736007467586	1	p3	noloss	645.4754474527209	3	p	FALSE	116790719.87887256	5171337590.97205	158378180.85778496	6433495865.177452
treatment	file3	3	P51681	P51681	0.007131973791401834	5206.102667385952	MVHLTPEE	MVHLTPEE	3.7840636222846618	23.950898285752285	directDIA	_MVHLTPEE_	_MVHLTPEE_.2	0.001699498186353594	1	_MVHLTPEE_	582.3056632218057	3.7840636222846618	1	p3	noloss	924.3425823660416	3	p	FALSE	156900.41948935695	41935837781.557816	180807.64586381224	33900941793.87594
treatment	file4	4	P51681	P51681	0.004952437684405595	27.48247072499279	MVHLTPEE	MVHLTPEE	1.7499846744661731	32.200072281542525	directDIA	_MVHLTPEE_	_MVHLTPEE_.2	0.00165098886936903	1	_MVHLTPEE_	646.9177847669924	1.7499846744661731	1	p3	noloss	736.1707715490836	3	p	FALSE	318944364.7042917	454578551857.59894	234086463.8652662	296078725596.6586
treatment	file5	5	P51681	P51681	0.008122453617397695	471.02285517985916	MVHLTPEE	MVHLTPEE	2.166480604023868	26.96449104919438	directDIA	_MVHLTPEE_	_MVHLTPEE_.2	0.009686495242640376	1	_MVHLTPEE_	696.779678824769	2.166480604023868	1	p3	noloss	627.0021184956819	3	p	FALSE	317421632555.1508	126016783904.5933	420089259777.81537	132555876796.13441
control	file1	1	P01308	P01308	0.0065493254479952155	3079.5871658910874	KSAVTALWGKVNVDEVGGEALG	KSAVTALWGKVNVDEVGGEALG	3.406901305919417	93.96740404425924	directDIA	_KSAVTALWGKVNVDEVGGEALG_	_KSAVTALWGKVNVDEVGGEALG_.3	0.005223069626372308	1	_KSAVTALWGKVNVDEVGGEALG_	570.3885343185668	3.406901305919417	1	b3	noloss	670.5913276049638	3	b	FALSE	1344155350.2746413	901840366356.3485	1290106181.591342	754047311522.0859
control	file2	2	P01308	P01308	0.0036074588098563252	1035.7579484359258	KSAVTALWGKVNVDEVGGEALG	KSAVTALWGKVNVDEVGGEALG	3.498576828104024	14.322890948977022	directDIA	_KSAVTALWGKVNVDEVGGEALG_	_KSAVTALWGKVNVDEVGGEALG_.3	0.005225332728587091	1	_KSAVTALWGKVNVDEVGGEALG_	527.1746741576364	3.498576828104024	1	b3	noloss	614.4090250386041	3	b	FALSE	1369400304917.904	29260495661.78741	894913266268.0796	29570390271.132954
control	file3	3	P01308	P01308	0.004719315520487726	2186.445426197204	KSAVTALWGKVNVDEVGGEALG	KSAVTALWGKVNVDEVGGEALG	3.513481272896882	20.18122391543716	directDIA	_KSAVTALWGKVNVDEVGGEALG_	_KSAVTALWGKVNVDEVGGEALG_.3	0.0068876281008124355	1	_KSAVTALWGKVNVDEVGGEALG_	847.5605861866101	3.513481272896882	1	b3	noloss	667.2410887335145	3	b	FALSE	58266377162.50043	12543437.066199258	46454956775.03861	11874914.199985435
control	file4	4	P01308	P01308	0.005983577056322247	112.64648427514415	KSAVTALWGKVNVDEVGGEALG	KSAVTALWGKVNVDEVGGEALG	2.1349065550574102	54.62253354925021	directDIA	_KSAVTALWGKVNVDEVGGEALG_	_KSAVTALWGKVNVDEVGGEALG_.3	0.007880801884457469	1	_KSAVTALWGKVNVDEVGGEALG_	651.85571703497	2.1349065550574102	1	b3	noloss	328.8754942623542	3	b	FALSE	1055401618.7212992	910995746423.0299	1111533351.59072	835668184357.4645
control	file5	5	P01308	P01308	0.007261998311150819	2444.420923889524	KSAVTALWGKVNVDEVGGEALG	KSAVTALWGKVNVDEVGGEALG	2.764270709848665	22.636643552662	directDIA	_KSAVTALWGKVNVDEVGGEALG_	_KSAVTALWGKVNVDEVGGEALG_.3	0.0069235798018053175	1	_KSAVTALWGKVNVDEVGGEALG_	509.63967946625473	2.764270709848665	1	b3	noloss	528.3159326865327	3	b	FALSE	2702449517.3517613	2581528557.62655	2363291116.9942813	1850764102.5270526
treatment	file1	1	P68871	P68871	0.0035599973099306225	2781.1759232451504	KVLGAFSDGLAHLDNLKGTFATLSELHCD	KVLGAFSDGLAHLDNLKGTFATLSELHCD	2.9518218850081315	8.062291661452202	directDIA	_KVLGAFSDGLAHLDNLKGTFATLSELHCD_	_KVLGAFSDGLAHLDNLKGTFATLSELHCD_.3	0.008794302153401077	1	_KVLGAFSDGLAHLDNLKGTFATLSELHCD_	693.0979056343251	2.9518218850081315	1	b4	noloss	770.9093245884254	4	b	FALSE	16425.717102251318	867556038315.7397	13344.978878063399	741691736222.4751
treatment	file2	2	P68871	P68871	0.00586478449869901	6.497190751987359	KVLGAFSDGLAHLDNLKGTFATLSELHCD	KVLGAFSDGLAHLDNLKGTFATLSELHCD	1.0333389016241183	36.36190253531234	directDIA	_KVLGAFSDGLAHLDNLKGTFATLSELHCD_	_KVLGAFSDGLAHLDNLKGTFATLSELHCD_.3	0.0014112962526269257	1	_KVLGAFSDGLAHLDNLKGTFATLSELHCD_	606.1686497897853	1.0333389016241183	1	b4	noloss	738.3157522307105	4	b	FALSE	14618637090.331749	39963473280.53978	16662882468.441557	31028606118.056103
treatment	file3	3	P68871	P68871	0.005166035878937692	1535.7648641768435	KVLGAFSDGLAHLDNLKGTFATLSELHCD	KVLGAFSDGLAHLDNLKGTFATLSELHCD	2.875180055059528	35.367366452404696	directDIA	_KVLGAFSDGLAHLDNLKGTFATLSELHCD_	_KVLGAFSDGLAHLDNLKGTFATLSELHCD_.3	0.002652452716138214	1	_KVLGAFSDGLAHLDNLKGTFATLSELHCD_	682.6789248521633	2.875180055059528	1	b4	noloss	781.0502505883435	4	b	FALSE	328484342.433311	31383171676.420597	314422902.50415534	27056566449.757053
treatment	file4	4	P68871	P68871	0.005935146894771606	201.90112400114032	KVLGAFSDGLAHLDNLKGTFATLSELHCD	KVLGAFSDGLAHLDNLKGTFATLSELHCD	1.1545828718324325	56.198036680744295	directDIA	_KVLGAFSDGLAHLDNLKGTFATLSELHCD_	_KVLGAFSDGLAHLDNLKGTFATLSELHCD_.3	0.008958117596339434	1	_KVLGAFSDGLAHLDNLKGTFATLSELHCD_	605.1796952560829	1.1545828718324325	1	b4	noloss	938.7969501357721	4	b	FALSE	32824605668.12986	11181718857121.188	34382035979.765625	12901997361721.326
treatment	file5	5	P68871	P68871	0.008882695846259595	196.55985743009907	KVLGAFSDGLAHLDNLKGTFATLSELHCD	KVLGAFSDGLAHLDNLKGTFATLSELHCD	2.5611839398983447	9.42727288331332	directDIA	_KVLGAFSDGLAHLDNLKGTFATLSELHCD_	_KVLGAFSDGLAHLDNLKGTFATLSELHCD_.3	0.003539104568772018	1	_KVLGAFSDGLAHLDNLKGTFATLSELHCD_	594.1570948754791	2.5611839398983447	1	b4	noloss	681.8214932370632	4	b	FALSE	6289521.588595921	881715253558.2029	6600212.026221061	620535752650.0925
control	file1	1	P51681	P51681	0.008671275558881461	489.83196321911163	KLHVDPENFRLLGNVLVCVLAHHFG	KLHVDPENFRLLGNVLVCVLAHHFG	3.6669981043781865	58.06155405666567	directDIA	_KLHVDPENFRLLGNVLVCVLAHHFG_	_KLHVDPENFRLLGNVLVCVLAHHFG_.2	0.009322777069173753	1	_KLHVDPENFRLLGNVLVCVLAHHFG_	609.061162071226	3.6669981043781865	1	y1	noloss	626.2682334297041	1	y	FALSE	428830408.4590197	159307908805.04733	693108205.6092451	148147391004.80746
control	file2	2	P51681	P51681	0.008312013696413488	247.38585353069396	KLHVDPENFRLLGNVLVCVLAHHFG	KLHVDPENFRLLGNVLVCVLAHHFG	3.0093137726976766	4.678467870605871	directDIA	_KLHVDPENFRLLGNVLVCVLAHHFG_	_KLHVDPENFRLLGNVLVCVLAHHFG_.2	0.003271247921511531	1	_KLHVDPENFRLLGNVLVCVLAHHFG_	641.2780797052549	3.0093137726976766	1	y1	noloss	429.3765665159466	1	y	FALSE	195574059.23712218	304577500930.18353	171034308.75144765	397627984568.88275
control	file3	3	P51681	P51681	0.001617181112524122	1123.906338640566	KLHVDPENFRLLGNVLVCVLAHHFG	KLHVDPENFRLLGNVLVCVLAHHFG	2.849139052717737	32.51930248521872	directDIA	_KLHVDPENFRLLGNVLVCVLAHHFG_	_KLHVDPENFRLLGNVLVCVLAHHFG_.2	0.006453924458473921	1	_KLHVDPENFRLLGNVLVCVLAHHFG_	538.991426845607	2.849139052717737	1	y1	noloss	1199.6916695383277	1	y	FALSE	20679519465.454166	24379839836585.582	23679643639.06122	38259212590222.67
control	file4	4	P51681	P51681	0.003313977452926338	10412.462128811887	KLHVDPENFRLLGNVLVCVLAHHFG	KLHVDPENFRLLGNVLVCVLAHHFG	3.4006596135165603	28.850840337025176	directDIA	_KLHVDPENFRLLGNVLVCVLAHHFG_	_KLHVDPENFRLLGNVLVCVLAHHFG_.2	0.005213428619317711	1	_KLHVDPENFRLLGNVLVCVLAHHFG_	534.463676972686	3.4006596135165603	1	y1	noloss	591.4623825086758	1	y	FALSE	14120553.928071335	11012849350048.613	6572675.395613463	10670250397456.822
control	file5	5	P51681	P51681	0.009261724550742657	811.4247437591151	KLHVDPENFRLLGNVLVCVLAHHFG	KLHVDPENFRLLGNVLVCVLAHHFG	2.7497627473781714	34.04281598435515	directDIA	_KLHVDPENFRLLGNVLVCVLAHHFG_	_KLHVDPENFRLLGNVLVCVLAHHFG_.2	0.005625665406696499	1	_KLHVDPENFRLLGNVLVCVLAHHFG_	581.522079386064	2.7497627473781714	1	y1	noloss	627.4160069834761	1	y	FALSE	73123655.78329255	85508892.86018309	60649317.41913933	74289271.96967217
treatment	file1	1	P01308	P01308	0.009250391211826355	24.388444350765933	KEFTPPVQAAYQKVVAGVANALAH	KEFTPPVQAAYQKVVAGVANALAH	1.6015454953131336	63.97209655467221	directDIA	_KEFTPPVQAAYQKVVAGVANALAH_	_KEFTPPVQAAYQKVVAGVANALAH_.2	0.004988129117991775	3	_KEFTPPVQAAYQKVVAGVANALAH_	617.1301431637089	1.6015454953131336	1	y2	noloss	834.3153710462619	2	y	FALSE	5647699.429272072	12828066560328.371	5574939.334884778	15018095167503.697
treatment	file2	2	P01308	P01308	0.006364975380711258	2459.9649901195226	KEFTPPVQAAYQKVVAGVANALAH	KEFTPPVQAAYQKVVAGVANALAH	3.346247026342347	45.71409124365066	directDIA	_KEFTPPVQAAYQKVVAGVANALAH_	_KEFTPPVQAAYQKVVAGVANALAH_.2	0.005308246170170605	3	_KEFTPPVQAAYQKVVAGVANALAH_	568.2623544730603	3.346247026342347	1	y2	noloss	659.9073372092639	2	y	FALSE	50991509.323499225	21082697561781.93	45560423.85836756	21400485016565.82
treatment	file3	3	P01308	P01308	0.007929098394233733	579.4268679511484	KEFTPPVQAAYQKVVAGVANALAH	KEFTPPVQAAYQKVVAGVANALAH	2.8294032065957606	44.84982540189682	directDIA	_KEFTPPVQAAYQKVVAGVANALAH_	_KEFTPPVQAAYQKVVAGVANALAH_.2	0.0038313703262247145	3	_KEFTPPVQAAYQKVVAGVANALAH_	631.6984562457901	2.8294032065957606	1	y2	noloss	705.9005569138475	2	y	FALSE	312218251.27598214	22507205052.478813	309472592.446746	26802917791.13346
treatment	file4	4	P01308	P01308	0.005717463579494506	71378.49036880206	KEFTPPVQAAYQKVVAGVANALAH	KEFTPPVQAAYQKVVAGVANALAH	5.283342746089374	6.919452709807511	directDIA	_KEFTPPVQAAYQKVVAGVANALAH_	_KEFTPPVQAAYQKVVAGVANALAH_.2	0.006016213255934417	3	_KEFTPPVQAAYQKVVAGVANALAH_	489.8264587398002	5.283342746089374	1	y2	noloss	385.20168232627964	2	y	FALSE	83059327.19126633	74946499761.36852	69206756.192934	124005864060.67285
treatment	file5	5	P01308	P01308	3.9375686319544914e-4	60.79805828085117	KEFTPPVQAAYQKVVAGVANALAH	KEFTPPVQAAYQKVVAGVANALAH	1.3656177781781134	51.71537817951382	directDIA	_KEFTPPVQAAYQKVVAGVANALAH_	_KEFTPPVQAAYQKVVAGVANALAH_.2	0.0026318074250593782	3	_KEFTPPVQAAYQKVVAGVANALAH_	456.9041547132623	1.3656177781781134	1	y2	noloss	921.5066625435045	2	y	FALSE	21410175.218013052	5485728416916.6	25917831.00434183	5004896070005.701
control	file1	1	P68871	P68871	0.002876572438981384	490.57205640194013	RLLPPLYSLVFIFGFVGNMLVILILINC	RLLPPLYSLVFIFGFVGNMLVILILINC	2.834213807510389	24.40493648217187	directDIA	_RLLPPLYSLVFIFGFVGNMLVILILINC_	_RLLPPLYSLVFIFGFVGNMLVILILINC_.2	0.0064669899432919925	1	_RLLPPLYSLVFIFGFVGNMLVILILINC_	789.2010632508083	2.834213807510389	1	y2	noloss	503.94083811035756	2	y	FALSE	8310657021.6407	1915188592085.6165	6520643948.747573	2041296153707.8923
control	file2	2	P68871	P68871	0.004808415884617716	1142.8063576322345	RLLPPLYSLVFIFGFVGNMLVILILINC	RLLPPLYSLVFIFGFVGNMLVILILINC	3.3162964319272774	19.160235322698593	directDIA	_RLLPPLYSLVFIFGFVGNMLVILILINC_	_RLLPPLYSLVFIFGFVGNMLVILILINC_.2	0.006660556213464588	1	_RLLPPLYSLVFIFGFVGNMLVILILINC_	639.7877113060312	3.3162964319272774	1	y2	noloss	456.7037966916616	2	y	FALSE	39073980.22421605	24335871814843.793	39837005.34762696	16428659311701.346
control	file3	3	P68871	P68871	0.0043491375236772	1319.6200757703766	RLLPPLYSLVFIFGFVGNMLVILILINC	RLLPPLYSLVFIFGFVGNMLVILILINC	3.9448000559260823	51.00971697677676	directDIA	_RLLPPLYSLVFIFGFVGNMLVILILINC_	_RLLPPLYSLVFIFGFVGNMLVILILINC_.2	0.005544148914050311	1	_RLLPPLYSLVFIFGFVGNMLVILILINC_	560.2971866605421	3.9448000559260823	1	y2	noloss	864.8159398497685	2	y	FALSE	376206.1589574889	236693492168.47668	249344.91382052383	170005350957.96262
control	file4	4	P68871	P68871	0.009324698871932924	148.5262743818975	RLLPPLYSLVFIFGFVGNMLVILILINC	RLLPPLYSLVFIFGFVGNMLVILILINC	0.7084889932361584	65.7834180765098	directDIA	_RLLPPLYSLVFIFGFVGNMLVILILINC_	_RLLPPLYSLVFIFGFVGNMLVILILINC_.2	0.003082116120494902	1	_RLLPPLYSLVFIFGFVGNMLVILILINC_	572.0042151509637	0.7084889932361584	1	y2	noloss	924.726904717949	2	y	FALSE	4908481.625714953	618536913.0736294	3695667.542542747	516440400.06393623
control	file5	5	P68871	P68871	0.006456805856432766	77.78473810424423	RLLPPLYSLVFIFGFVGNMLVILILINC	RLLPPLYSLVFIFGFVGNMLVILILINC	1.6903824114273895	17.92997148615179	directDIA	_RLLPPLYSLVFIFGFVGNMLVILILINC_	_RLLPPLYSLVFIFGFVGNMLVILILINC_.2	0.007433871263638139	1	_RLLPPLYSLVFIFGFVGNMLVILILINC_	678.511853104356	1.6903824114273895	1	y2	noloss	595.7630783429738	2	y	FALSE	57919814.25680423	1566303045.1077225	68938544.6339181	1420637918.7083046
treatment	file1	1	P51681	P51681	8.289637044072151e-6	5168.2389431999245	KSMTDIYLLNLAISDLFFLLTVPFWAHYAAAQWDFGNTMCQLLTGLYFIGFFSGIFFIILLTID	KSMTDIYLLNLAISDLFFLLTVPFWAHYAAAQWDFGNTMCQLLTGLYFIGFFSGIFFIILLTID	2.3465862458503137	27.64629719298338	directDIA	_KSMTDIYLLNLAISDLFFLLTVPFWAHYAAAQWDFGNTMCQLLTGLYFIGFFSGIFFIILLTID_	_KSMTDIYLLNLAISDLFFLLTVPFWAHYAAAQWDFGNTMCQLLTGLYFIGFFSGIFFIILLTID_.3	0.008470497694797813	1	_KSMTDIYLLNLAISDLFFLLTVPFWAHYAAAQWDFGNTMCQLLTGLYFIGFFSGIFFIILLTID_	578.9679185770643	2.3465862458503137	1	y1	noloss	547.7803179409777	1	y	FALSE	641882.5336881311	5529971137.246294	630766.4585681934	3967689564.6781507
treatment	file2	2	P51681	P51681	1.9522410817444325e-4	48.0096344726613	KSMTDIYLLNLAISDLFFLLTVPFWAHYAAAQWDFGNTMCQLLTGLYFIGFFSGIFFIILLTID	KSMTDIYLLNLAISDLFFLLTVPFWAHYAAAQWDFGNTMCQLLTGLYFIGFFSGIFFIILLTID	1.4535931496598191	51.985485695591855	directDIA	_KSMTDIYLLNLAISDLFFLLTVPFWAHYAAAQWDFGNTMCQLLTGLYFIGFFSGIFFIILLTID_	_KSMTDIYLLNLAISDLFFLLTVPFWAHYAAAQWDFGNTMCQLLTGLYFIGFFSGIFFIILLTID_.3	0.003685227050445974	1	_KSMTDIYLLNLAISDLFFLLTVPFWAHYAAAQWDFGNTMCQLLTGLYFIGFFSGIFFIILLTID_	619.2114963876684	1.4535931496598191	1	y1	noloss	635.819158648981	1	y	FALSE	49227673.34019947	60382114.66208838	45409830.97451912	87003248.07077493
treatment	file3	3	P51681	P51681	0.0029697456932626667	500.2761929688896	KSMTDIYLLNLAISDLFFLLTVPFWAHYAAAQWDFGNTMCQLLTGLYFIGFFSGIFFIILLTID	KSMTDIYLLNLAISDLFFLLTVPFWAHYAAAQWDFGNTMCQLLTGLYFIGFFSGIFFIILLTID	3.1671347021833878	39.20101961404996	directDIA	_KSMTDIYLLNLAISDLFFLLTVPFWAHYAAAQWDFGNTMCQLLTGLYFIGFFSGIFFIILLTID_	_KSMTDIYLLNLAISDLFFLLTVPFWAHYAAAQWDFGNTMCQLLTGLYFIGFFSGIFFIILLTID_.3	0.004412434962578118	1	_KSMTDIYLLNLAISDLFFLLTVPFWAHYAAAQWDFGNTMCQLLTGLYFIGFFSGIFFIILLTID_	573.5274373901549	3.1671347021833878	1	y1	noloss	805.1939904001854	1	y	FALSE	72469414.54695293	1224661724.9085605	38886568.32783958	932600058.8718364
treatment	file4	4	P51681	P51681	0.0027374619781039655	1172.5946341747072	KSMTDIYLLNLAISDLFFLLTVPFWAHYAAAQWDFGNTMCQLLTGLYFIGFFSGIFFIILLTID	KSMTDIYLLNLAISDLFFLLTVPFWAHYAAAQWDFGNTMCQLLTGLYFIGFFSGIFFIILLTID	2.8987354700731327	53.13381449297107	directDIA	_KSMTDIYLLNLAISDLFFLLTVPFWAHYAAAQWDFGNTMCQLLTGLYFIGFFSGIFFIILLTID_	_KSMTDIYLLNLAISDLFFLLTVPFWAHYAAAQWDFGNTMCQLLTGLYFIGFFSGIFFIILLTID_.3	0.008706238220911473	1	_KSMTDIYLLNLAISDLFFLLTVPFWAHYAAAQWDFGNTMCQLLTGLYFIGFFSGIFFIILLTID_	549.8608942063241	2.8987354700731327	1	y1	noloss	1059.6497723309058	1	y	FALSE	1030841.5853756454	268153518335.8274	1742912.9551797071	218374240582.07715
treatment	file5	5	P51681	P51681	0.008294713392388076	1669.670730836843	KSMTDIYLLNLAISDLFFLLTVPFWAHYAAAQWDFGNTMCQLLTGLYFIGFFSGIFFIILLTID	KSMTDIYLLNLAISDLFFLLTVPFWAHYAAAQWDFGNTMCQLLTGLYFIGFFSGIFFIILLTID	3.0720445711638344	35.40678051830301	directDIA	_KSMTDIYLLNLAISDLFFLLTVPFWAHYAAAQWDFGNTMCQLLTGLYFIGFFSGIFFIILLTID_	_KSMTDIYLLNLAISDLFFLLTVPFWAHYAAAQWDFGNTMCQLLTGLYFIGFFSGIFFIILLTID_.3	0.004088476423639804	1	_KSMTDIYLLNLAISDLFFLLTVPFWAHYAAAQWDFGNTMCQLLTGLYFIGFFSGIFFIILLTID_	660.2189813520256	3.0720445711638344	1	y1	noloss	910.6660459146294	1	y	FALSE	123284040.9432819	1220033241946.0664	112407511.87853521	852343547884.1924
control	file1	1	P01308	P01308	0.0072105942294001584	29536.414082176656	RLDQAMQVTETLGMTHCCINPIIYAFVGE	RLDQAMQVTETLGMTHCCINPIIYAFVGE	4.84277877326294	58.97335492806923	directDIA	_RLDQAMQVTETLGM[Oxidation (M)]THCCINPIIYAFVGE_	_RLDQAMQVTETLGM[Oxidation (M)]THCCINPIIYAFVGE_.2	0.004849702913779765	1	_RLDQAMQVTETLGM[Oxidation (M)]THCCINPIIYAFVGE_	614.1494558350148	4.84277877326294	1	y2	noloss	1218.2314655414095	2	y	FALSE	114255875.53193052	1089049501265.8304	177286151.61266905	1046585622840.5687
control	file2	2	P01308	P01308	0.006805558884516358	8.852800495928463	RLDQAMQVTETLGMTHCCINPIIYAFVGE	RLDQAMQVTETLGMTHCCINPIIYAFVGE	0.5954742826869783	28.72137773064811	directDIA	_RLDQAMQVTETLGM[Oxidation (M)]THCCINPIIYAFVGE_	_RLDQAMQVTETLGM[Oxidation (M)]THCCINPIIYAFVGE_.2	0.00503711907658726	1	_RLDQAMQVTETLGM[Oxidation (M)]THCCINPIIYAFVGE_	730.1812666970338	0.5954742826869783	1	y2	noloss	448.50940911546877	2	y	FALSE	2569639329.5286155	35822326949687.64	1776109110.5810413	33177010051551.297
control	file3	3	P01308	P01308	0.003841948925983161	204.2193752288545	RLDQAMQVTETLGMTHCCINPIIYAFVGE	RLDQAMQVTETLGMTHCCINPIIYAFVGE	2.918468159661968	22.910177496376726	directDIA	_RLDQAMQVTETLGM[Oxidation (M)]THCCINPIIYAFVGE_	_RLDQAMQVTETLGM[Oxidation (M)]THCCINPIIYAFVGE_.2	3.95703362300992e-4	1	_RLDQAMQVTETLGM[Oxidation (M)]THCCINPIIYAFVGE_	487.46031423252566	2.918468159661968	1	y2	noloss	457.1969444902947	2	y	FALSE	120359920.70957647	3782650838.738586	96076038.74089554	4498554671.173768
control	file4	4	P01308	P01308	0.0018527346709743143	6.470522892655087	RLDQAMQVTETLGMTHCCINPIIYAFVGE	RLDQAMQVTETLGMTHCCINPIIYAFVGE	1.4706257695186233	52.56741915041913	directDIA	_RLDQAMQVTETLGM[Oxidation (M)]THCCINPIIYAFVGE_	_RLDQAMQVTETLGM[Oxidation (M)]THCCINPIIYAFVGE_.2	0.003952841353602707	1	_RLDQAMQVTETLGM[Oxidation (M)]THCCINPIIYAFVGE_	586.4692593950605	1.4706257695186233	1	y2	noloss	766.610384793569	2	y	FALSE	20917041.599222094	1090968833119.013	28978634.16925995	458087359789.092
control	file5	5	P01308	P01308	0.002117026054766029	54.13121586840563	RLDQAMQVTETLGMTHCCINPIIYAFVGE	RLDQAMQVTETLGMTHCCINPIIYAFVGE	1.8028621474508832	24.345593257576233	directDIA	_RLDQAMQVTETLGM[Oxidation (M)]THCCINPIIYAFVGE_	_RLDQAMQVTETLGM[Oxidation (M)]THCCINPIIYAFVGE_.2	0.004602831620723009	1	_RLDQAMQVTETLGM[Oxidation (M)]THCCINPIIYAFVGE_	579.1011051180212	1.8028621474508832	1	y2	noloss	668.0606459338119	2	y	FALSE	379282323.44362885	945530509520.8273	337747211.9218766	849731356479.6855
treatment	file1	1	P68871	P68871	0.0070369215472601354	1247.780162830436	KINVKQIAA	KINVKQIAA	3.3142968142147273	54.65525746364844	directDIA	_KINVKQIAA_	_KINVKQIAA_.2	0.005569290569983423	1	_KINVKQIAA_	492.5137666086327	3.3142968142147273	2	b2	noloss	511.56601223267813	2	b	FALSE	645611012.2611976	9499200.877876205	639494694.9755639	8020586.605411117
treatment	file2	2	P68871	P68871	0.0026248777471482754	8.317695719350272	KINVKQIAA	KINVKQIAA	1.9264301684565166	24.10211239041622	directDIA	_KINVKQIAA_	_KINVKQIAA_.2	0.0067256985302083195	1	_KINVKQIAA_	699.7858726258269	1.9264301684565166	2	b2	noloss	541.2540199189273	2	b	FALSE	23874413.85392708	1008205534252.0098	24668978.704707872	1385264033596.843
treatment	file3	3	P68871	P68871	0.002263486394658685	1954.5331923302513	KINVKQIAA	KINVKQIAA	3.6040942297801655	26.688244919001534	directDIA	_KINVKQIAA_	_KINVKQIAA_.2	0.006822792587336153	1	_KINVKQIAA_	589.2600250925856	3.6040942297801655	2	b2	noloss	1042.552635393178	2	b	FALSE	11614223.320412012	16691785494.541082	10893481.527320078	12600074185.81795
treatment	file4	4	P68871	P68871	0.005931862953584641	42.058213517155686	KINVKQIAA	KINVKQIAA	1.5693936888469004	34.74401697002959	directDIA	_KINVKQIAA_	_KINVKQIAA_.2	0.008906573771964759	1	_KINVKQIAA_	461.44420095685325	1.5693936888469004	2	b2	noloss	452.0827758205028	2	b	FALSE	32801015.042120565	76932281217.34325	50586538.194439754	57339623249.66307
treatment	file5	5	P68871	P68871	0.0014737070724368095	1269.9878509605219	KINVKQIAA	KINVKQIAA	3.3550504168415505	28.69120937153451	directDIA	_KINVKQIAA_	_KINVKQIAA_.2	0.006660370845347643	1	_KINVKQIAA_	540.785937260578	3.3550504168415505	2	b2	noloss	411.075906922488	2	b	FALSE	7457157.980750765	496352650398.65027	7106181.541333928	840185932631.237
control	file1	1	P51681	P51681	5.104209878481925e-4	62.18639322560575	RLDQAMQVTETLGMTHCCINPIIYAFVGE	RLDQAMQVTETLGMTHCCINPIIYAFVGE	2.0413349258484117	46.330833378657616	directDIA	_RLDQAM[Oxidation (M)]QVTETLGMTHCCINPIIYAFVGE_	_RLDQAM[Oxidation (M)]QVTETLGMTHCCINPIIYAFVGE_.2	0.005240059865172952	2	_RLDQAM[Oxidation (M)]QVTETLGMTHCCINPIIYAFVGE_	489.46664393539055	2.0413349258484117	1	y3	noloss	384.49596752968955	3	y	FALSE	1679843.5765608666	145476519999.74548	1393397.8124518455	137465428360.2816
control	file2	2	P51681	P51681	1.3885029358789324e-4	177.68257697253003	RLDQAMQVTETLGMTHCCINPIIYAFVGE	RLDQAMQVTETLGMTHCCINPIIYAFVGE	1.4317736373741003	45.579085702863935	directDIA	_RLDQAM[Oxidation (M)]QVTETLGMTHCCINPIIYAFVGE_	_RLDQAM[Oxidation (M)]QVTETLGMTHCCINPIIYAFVGE_.2	0.003110280828550458	2	_RLDQAM[Oxidation (M)]QVTETLGMTHCCINPIIYAFVGE_	703.9088512614418	1.4317736373741003	1	y3	noloss	665.2564330846365	3	y	FALSE	566883540.7312812	92538361831.02235	403039073.3173513	116969507401.87906
control	file3	3	P51681	P51681	0.00808185500325635	552.1513108834904	RLDQAMQVTETLGMTHCCINPIIYAFVGE	RLDQAMQVTETLGMTHCCINPIIYAFVGE	3.0740539036122105	43.36172816582726	directDIA	_RLDQAM[Oxidation (M)]QVTETLGMTHCCINPIIYAFVGE_	_RLDQAM[Oxidation (M)]QVTETLGMTHCCINPIIYAFVGE_.2	2.618564479053021e-4	2	_RLDQAM[Oxidation (M)]QVTETLGMTHCCINPIIYAFVGE_	854.2904456862107	3.0740539036122105	1	y3	noloss	998.3849261547334	3	y	FALSE	41941945.6776208	366187508169.00586	72783348.62192376	355390015696.8615
control	file4	4	P51681	P51681	0.008025645299348981	127.06941514342094	RLDQAMQVTETLGMTHCCINPIIYAFVGE	RLDQAMQVTETLGMTHCCINPIIYAFVGE	2.6779397035613983	24.725882423382988	directDIA	_RLDQAM[Oxidation (M)]QVTETLGMTHCCINPIIYAFVGE_	_RLDQAM[Oxidation (M)]QVTETLGMTHCCINPIIYAFVGE_.2	0.0013004153850488364	2	_RLDQAM[Oxidation (M)]QVTETLGMTHCCINPIIYAFVGE_	532.6284180863589	2.6779397035613983	1	y3	noloss	1043.9552833824328	3	y	FALSE	128774028.61078154	957109585.5966545	130512114.7807381	1605292148.9644785
control	file5	5	P51681	P51681	1.5043823746964337e-4	1178.514328523493	RLDQAMQVTETLGMTHCCINPIIYAFVGE	RLDQAMQVTETLGMTHCCINPIIYAFVGE	3.6652649833697657	23.75762499668628	directDIA	_RLDQAM[Oxidation (M)]QVTETLGMTHCCINPIIYAFVGE_	_RLDQAM[Oxidation (M)]QVTETLGMTHCCINPIIYAFVGE_.2	0.005019275848753751	2	_RLDQAM[Oxidation (M)]QVTETLGMTHCCINPIIYAFVGE_	590.7769991898202	3.6652649833697657	1	y3	noloss	1044.731638165004	3	y	FALSE	161415630492.5937	7066005943.186705	120316245877.6716	6612528648.485062
